randNumCol,Total Score,Max Points,Status,Submission Time,Lateness (H:M:S),View Count,Submission Count,1: Q1 (10.0 pts),2: Q2 (10.0 pts),3: Q3 (10.0 pts),4: Q4 (10.0 pts),5: Q5 (10.0 pts),6: Q6 (2.0 pts)
801925577,42.5,52.0,Graded,2022-09-24 23:14:34 -0500,00:00:00,3.0,1.0,10.0,4.5,10.0,10.0,8.0,0.0
262507520,52.0,52.0,Graded,2022-09-24 23:47:53 -0500,00:00:00,1.0,1.0,10.0,10.0,10.0,10.0,10.0,2.0
853470508,50.0,52.0,Graded,2022-09-24 21:54:36 -0500,00:00:00,1.0,1.0,10.0,10.0,10.0,10.0,10.0,0.0
468287725,44.5,52.0,Graded,2022-09-25 00:00:11 -0500,00:01:11,2.0,2.0,10.0,8.0,8.5,7.0,10.0,1.0
966245481,52.0,52.0,Graded,2022-09-24 09:14:57 -0500,00:00:00,1.0,1.0,10.0,10.0,10.0,10.0,10.0,2.0
688844688,52.0,52.0,Graded,2022-09-23 18:08:39 -0500,00:00:00,1.0,2.0,10.0,10.0,10.0,10.0,10.0,2.0
602558521,52.0,52.0,Graded,2022-09-24 22:29:46 -0500,00:00:00,2.0,2.0,10.0,10.0,10.0,10.0,10.0,2.0
728776101,50.0,52.0,Graded,2022-09-24 22:55:28 -0500,00:00:00,2.0,1.0,10.0,10.0,10.0,8.0,10.0,2.0
513252691,52.0,52.0,Graded,2022-09-24 20:18:42 -0500,00:00:00,4.0,2.0,10.0,10.0,10.0,10.0,10.0,2.0
798694774,50.0,52.0,Graded,2022-09-24 22:59:56 -0500,00:00:00,2.0,1.0,10.0,8.0,10.0,10.0,10.0,2.0
880377892,48.0,52.0,Graded,2022-09-24 20:37:30 -0500,00:00:00,1.0,1.0,10.0,8.5,7.5,10.0,10.0,2.0
140393680,48.5,52.0,Graded,2022-09-24 23:55:21 -0500,00:00:00,2.0,1.0,10.0,8.5,10.0,10.0,10.0,0.0
406982131,46.0,52.0,Graded,2022-09-24 23:13:18 -0500,00:00:00,1.0,1.0,10.0,8.0,10.0,10.0,6.0,2.0
631918976,,52.0,Missing,,,,,,,,,,
555782827,52.0,52.0,Graded,2022-09-24 23:49:15 -0500,00:00:00,2.0,2.0,10.0,10.0,10.0,10.0,10.0,2.0
556717963,47.5,52.0,Graded,2022-09-24 21:14:29 -0500,00:00:00,1.0,1.0,10.0,8.5,10.0,10.0,7.0,2.0
213555276,48.0,52.0,Graded,2022-09-24 23:34:28 -0500,00:00:00,0.0,1.0,10.0,8.0,10.0,10.0,10.0,0.0
357999413,50.0,52.0,Graded,2022-09-24 16:53:40 -0500,00:00:00,1.0,1.0,10.0,10.0,10.0,10.0,10.0,0.0
429099317,41.0,52.0,Graded,2022-09-24 23:13:13 -0500,00:00:00,1.0,4.0,8.0,10.0,10.0,10.0,3.0,0.0
429099317,32.0,52.0,Graded,2022-09-24 23:57:31 -0500,00:00:00,2.0,2.0,10.0,2.0,10.0,10.0,0.0,0.0
429099317,,52.0,Missing,,,,,,,,,,
429099317,,52.0,Missing,,,,,,,,,,
429099317,,52.0,Missing,,,,,,,,,,
429099317,,52.0,Missing,,,,,,,,,,
429099317,,52.0,Missing,,,,,,,,,,
759999244,41.0,52.0,Graded,2022-09-24 23:13:13 -0500,00:00:00,1.0,4.0,8.0,10.0,10.0,10.0,3.0,0.0
759999244,32.0,52.0,Graded,2022-09-24 23:57:31 -0500,00:00:00,2.0,2.0,10.0,2.0,10.0,10.0,0.0,0.0
759999244,,52.0,Missing,,,,,,,,,,
759999244,,52.0,Missing,,,,,,,,,,
759999244,,52.0,Missing,,,,,,,,,,
759999244,,52.0,Missing,,,,,,,,,,
759999244,,52.0,Missing,,,,,,,,,,
963037118,41.0,52.0,Graded,2022-09-24 23:13:13 -0500,00:00:00,1.0,4.0,8.0,10.0,10.0,10.0,3.0,0.0
963037118,32.0,52.0,Graded,2022-09-24 23:57:31 -0500,00:00:00,2.0,2.0,10.0,2.0,10.0,10.0,0.0,0.0
963037118,,52.0,Missing,,,,,,,,,,
963037118,,52.0,Missing,,,,,,,,,,
963037118,,52.0,Missing,,,,,,,,,,
963037118,,52.0,Missing,,,,,,,,,,
963037118,,52.0,Missing,,,,,,,,,,
649911435,41.0,52.0,Graded,2022-09-24 23:13:13 -0500,00:00:00,1.0,4.0,8.0,10.0,10.0,10.0,3.0,0.0
649911435,32.0,52.0,Graded,2022-09-24 23:57:31 -0500,00:00:00,2.0,2.0,10.0,2.0,10.0,10.0,0.0,0.0
649911435,,52.0,Missing,,,,,,,,,,
649911435,,52.0,Missing,,,,,,,,,,
649911435,,52.0,Missing,,,,,,,,,,
649911435,,52.0,Missing,,,,,,,,,,
649911435,,52.0,Missing,,,,,,,,,,
981776346,41.0,52.0,Graded,2022-09-24 23:13:13 -0500,00:00:00,1.0,4.0,8.0,10.0,10.0,10.0,3.0,0.0
981776346,32.0,52.0,Graded,2022-09-24 23:57:31 -0500,00:00:00,2.0,2.0,10.0,2.0,10.0,10.0,0.0,0.0
981776346,,52.0,Missing,,,,,,,,,,
981776346,,52.0,Missing,,,,,,,,,,
981776346,,52.0,Missing,,,,,,,,,,
981776346,,52.0,Missing,,,,,,,,,,
981776346,,52.0,Missing,,,,,,,,,,
490690273,41.0,52.0,Graded,2022-09-24 23:13:13 -0500,00:00:00,1.0,4.0,8.0,10.0,10.0,10.0,3.0,0.0
490690273,32.0,52.0,Graded,2022-09-24 23:57:31 -0500,00:00:00,2.0,2.0,10.0,2.0,10.0,10.0,0.0,0.0
490690273,,52.0,Missing,,,,,,,,,,
490690273,,52.0,Missing,,,,,,,,,,
490690273,,52.0,Missing,,,,,,,,,,
490690273,,52.0,Missing,,,,,,,,,,
490690273,,52.0,Missing,,,,,,,,,,
208303123,41.0,52.0,Graded,2022-09-24 23:13:13 -0500,00:00:00,1.0,4.0,8.0,10.0,10.0,10.0,3.0,0.0
208303123,32.0,52.0,Graded,2022-09-24 23:57:31 -0500,00:00:00,2.0,2.0,10.0,2.0,10.0,10.0,0.0,0.0
208303123,,52.0,Missing,,,,,,,,,,
208303123,,52.0,Missing,,,,,,,,,,
208303123,,52.0,Missing,,,,,,,,,,
208303123,,52.0,Missing,,,,,,,,,,
208303123,,52.0,Missing,,,,,,,,,,
215542326,40.5,52.0,Graded,2022-09-24 23:58:35 -0500,00:00:00,11.0,1.0,10.0,8.5,5.0,10.0,7.0,0.0
683714891,44.0,52.0,Graded,2022-09-24 21:59:21 -0500,00:00:00,2.0,1.0,10.0,8.0,10.0,10.0,6.0,0.0
896804871,,52.0,Missing,,,,,,,,,,
450938085,52.0,52.0,Graded,2022-09-12 17:13:16 -0500,00:00:00,1.0,3.0,10.0,10.0,10.0,10.0,10.0,2.0
791013869,41.5,52.0,Graded,2022-09-24 23:51:33 -0500,00:00:00,4.0,2.0,10.0,8.5,10.0,3.0,10.0,0.0
431330025,50.5,52.0,Graded,2022-09-24 23:52:45 -0500,00:00:00,4.0,1.0,10.0,8.5,10.0,10.0,10.0,2.0
538294395,48.5,52.0,Graded,2022-09-24 22:58:27 -0500,00:00:00,0.0,2.0,9.5,10.0,10.0,9.0,10.0,0.0
144202762,38.5,52.0,Graded,2022-09-24 23:51:16 -0500,00:00:00,1.0,1.0,8.0,8.5,10.0,10.0,2.0,0.0
513504661,50.0,52.0,Graded,2022-09-24 23:54:38 -0500,00:00:00,0.0,1.0,10.0,10.0,10.0,10.0,10.0,0.0
519550803,50.0,52.0,Graded,2022-09-24 21:07:37 -0500,00:00:00,1.0,1.0,8.0,10.0,10.0,10.0,10.0,2.0
912552579,,52.0,Missing,,,,,,,,,,
482212493,52.0,52.0,Graded,2022-09-24 15:25:10 -0500,00:00:00,1.0,1.0,10.0,10.0,10.0,10.0,10.0,2.0
647038181,52.0,52.0,Graded,2022-09-24 23:48:17 -0500,00:00:00,2.0,2.0,10.0,10.0,10.0,10.0,10.0,2.0
846403629,52.0,52.0,Graded,2022-09-24 22:52:34 -0500,00:00:00,4.0,1.0,10.0,10.0,10.0,10.0,10.0,2.0
586062294,49.0,52.0,Graded,2022-09-24 18:31:59 -0500,00:00:00,1.0,3.0,8.0,10.0,10.0,10.0,9.0,2.0
884195403,51.0,52.0,Graded,2022-09-24 23:14:13 -0500,00:00:00,2.0,2.0,10.0,10.0,10.0,10.0,9.0,2.0
996805395,41.0,52.0,Graded,2022-09-24 23:56:23 -0500,00:00:00,1.0,1.0,6.0,8.5,7.5,10.0,9.0,0.0
512473607,,52.0,Missing,,,,,,,,,,
981630158,50.5,52.0,Graded,2022-09-06 23:40:30 -0500,00:00:00,1.0,2.0,10.0,8.5,10.0,10.0,10.0,2.0
425298232,52.0,52.0,Graded,2022-09-24 23:02:04 -0500,00:00:00,0.0,1.0,10.0,10.0,10.0,10.0,10.0,2.0
868686594,48.5,52.0,Graded,2022-09-24 17:07:39 -0500,00:00:00,1.0,1.0,10.0,10.0,8.5,10.0,10.0,0.0
891283532,44.0,52.0,Graded,2022-09-23 12:34:54 -0500,00:00:00,3.0,1.0,10.0,10.0,5.0,9.0,10.0,0.0
757443096,36.0,52.0,Graded,2022-09-24 23:30:25 -0500,00:00:00,2.0,2.0,10.0,6.0,10.0,10.0,0.0,0.0
915625252,50.0,52.0,Graded,2022-09-24 22:11:24 -0500,00:00:00,1.0,2.0,10.0,10.0,10.0,10.0,10.0,0.0
887196036,18.5,52.0,Graded,2022-09-24 23:50:04 -0500,00:00:00,0.0,1.0,10.0,8.5,0.0,0.0,0.0,0.0
853643793,50.0,52.0,Graded,2022-09-23 12:42:04 -0500,00:00:00,2.0,2.0,10.0,10.0,10.0,10.0,10.0,0.0
367453952,47.5,52.0,Graded,2022-09-24 23:48:18 -0500,00:00:00,2.0,1.0,10.0,8.5,10.0,9.0,10.0,0.0
581792455,47.0,52.0,Graded,2022-09-24 23:50:12 -0500,00:00:00,1.0,1.0,10.0,10.0,10.0,7.0,10.0,0.0
102509560,50.5,52.0,Graded,2022-09-24 10:51:47 -0500,00:00:00,5.0,2.0,10.0,8.5,10.0,10.0,10.0,2.0
604704694,41.5,52.0,Graded,2022-09-24 22:34:20 -0500,00:00:00,0.0,1.0,10.0,10.0,8.5,10.0,3.0,0.0
860075746,50.0,52.0,Graded,2022-09-24 23:13:03 -0500,00:00:00,2.0,1.0,8.0,10.0,10.0,10.0,10.0,2.0
351876097,25.5,52.0,Graded,2022-09-23 15:47:36 -0500,00:00:00,0.0,1.0,10.0,6.0,7.5,0.0,0.0,2.0
196938750,52.0,52.0,Graded,2022-09-24 23:47:05 -0500,00:00:00,2.0,4.0,10.0,10.0,10.0,10.0,10.0,2.0
208887130,,52.0,Missing,,,,,,,,,,
304646933,36.0,52.0,Graded,2022-09-24 03:56:03 -0500,00:00:00,6.0,1.0,9.0,7.0,10.0,7.0,3.0,0.0
718604469,52.0,52.0,Graded,2022-09-24 18:22:41 -0500,00:00:00,3.0,1.0,10.0,10.0,10.0,10.0,10.0,2.0
722247081,46.0,52.0,Graded,2022-09-19 20:31:46 -0500,00:00:00,1.0,1.0,10.0,10.0,10.0,10.0,6.0,0.0
817205605,46.0,52.0,Graded,2022-09-23 22:52:27 -0500,00:00:00,6.0,1.0,9.5,10.0,10.0,4.5,10.0,2.0
611518158,49.0,52.0,Graded,2022-09-24 23:53:45 -0500,00:00:00,3.0,1.0,10.0,10.0,10.0,10.0,9.0,0.0
177697048,50.5,52.0,Graded,2022-09-24 22:52:00 -0500,00:00:00,1.0,1.0,10.0,8.5,10.0,10.0,10.0,2.0
260646050,,52.0,Missing,,,,,,,,,,
616967158,49.0,52.0,Graded,2022-09-24 22:50:00 -0500,00:00:00,2.0,1.0,10.0,10.0,10.0,7.0,10.0,2.0
315653647,48.5,52.0,Graded,2022-09-24 21:39:21 -0500,00:00:00,0.0,1.0,10.0,8.5,10.0,10.0,8.0,2.0
358296522,20.0,52.0,Graded,2022-09-24 22:32:31 -0500,00:00:00,0.0,1.0,10.0,8.0,2.0,0.0,0.0,0.0
196389138,52.0,52.0,Graded,2022-09-24 23:32:40 -0500,00:00:00,1.0,1.0,10.0,10.0,10.0,10.0,10.0,2.0
677646110,52.0,52.0,Graded,2022-09-24 20:05:53 -0500,00:00:00,0.0,1.0,10.0,10.0,10.0,10.0,10.0,2.0
739727903,39.0,52.0,Graded,2022-09-24 22:29:43 -0500,00:00:00,4.0,1.0,8.0,6.0,10.0,10.0,5.0,0.0
239830252,46.0,52.0,Graded,2022-09-24 19:06:21 -0500,00:00:00,1.0,1.0,9.5,10.0,7.5,10.0,9.0,0.0
236845553,40.5,52.0,Graded,2022-09-24 23:58:05 -0500,00:00:00,6.0,1.0,10.0,7.5,10.0,10.0,3.0,0.0
819905544,41.0,52.0,Graded,2022-09-24 16:49:09 -0500,00:00:00,0.0,1.0,10.0,8.0,10.0,10.0,3.0,0.0
718982500,52.0,52.0,Graded,2022-09-20 13:03:17 -0500,00:00:00,1.0,2.0,10.0,10.0,10.0,10.0,10.0,2.0
393009742,46.0,52.0,Graded,2022-09-24 23:48:49 -0500,00:00:00,6.0,1.0,10.0,10.0,10.0,10.0,6.0,0.0
695607399,16.0,52.0,Graded,2022-09-24 21:27:05 -0500,00:00:00,1.0,1.0,10.0,6.0,0.0,0.0,0.0,0.0
426006334,39.5,52.0,Graded,2022-09-24 23:59:13 -0500,00:00:13,1.0,1.0,10.0,8.5,2.0,10.0,7.0,2.0
815373712,47.0,52.0,Graded,2022-09-24 00:58:49 -0500,00:00:00,1.0,1.0,8.0,10.0,9.0,10.0,10.0,0.0
757899821,42.5,52.0,Graded,2022-09-24 23:57:04 -0500,00:00:00,4.0,1.0,10.0,7.5,10.0,10.0,5.0,0.0
321265210,52.0,52.0,Graded,2022-09-24 22:42:17 -0500,00:00:00,1.0,1.0,10.0,10.0,10.0,10.0,10.0,2.0
997288135,52.0,52.0,Graded,2022-09-24 23:24:21 -0500,00:00:00,1.0,1.0,10.0,10.0,10.0,10.0,10.0,2.0
362394432,43.5,52.0,Graded,2022-09-24 23:54:29 -0500,00:00:00,0.0,1.0,6.0,8.5,10.0,10.0,9.0,0.0
883116166,40.5,52.0,Graded,2022-09-24 11:56:32 -0500,00:00:00,4.0,1.0,10.0,6.0,10.0,4.5,8.0,2.0
293581171,52.0,52.0,Graded,2022-09-24 20:25:29 -0500,00:00:00,1.0,1.0,10.0,10.0,10.0,10.0,10.0,2.0
381118522,49.0,52.0,Graded,2022-09-24 17:36:49 -0500,00:00:00,1.0,1.0,10.0,9.0,10.0,10.0,10.0,0.0
317104199,39.0,52.0,Graded,2022-09-24 23:46:25 -0500,00:00:00,6.0,1.0,10.0,0.0,10.0,10.0,9.0,0.0
466291288,52.0,52.0,Graded,2022-09-24 23:37:26 -0500,00:00:00,2.0,1.0,10.0,10.0,10.0,10.0,10.0,2.0
844164199,50.0,52.0,Graded,2022-09-24 23:03:52 -0500,00:00:00,3.0,1.0,10.0,10.0,10.0,10.0,10.0,0.0
578891403,40.5,52.0,Graded,2022-09-24 23:12:29 -0500,00:00:00,4.0,1.0,10.0,8.5,10.0,0.0,10.0,2.0
558375823,46.5,52.0,Graded,2022-09-24 23:31:11 -0500,00:00:00,5.0,1.0,8.0,8.5,10.0,10.0,10.0,0.0
287568073,52.0,52.0,Graded,2022-09-24 21:01:39 -0500,00:00:00,4.0,1.0,10.0,10.0,10.0,10.0,10.0,2.0
709735325,34.0,52.0,Graded,2022-09-24 20:12:50 -0500,00:00:00,2.0,2.0,10.0,8.5,10.0,3.5,0.0,2.0
287712537,52.0,52.0,Graded,2022-09-23 19:04:47 -0500,00:00:00,5.0,1.0,10.0,10.0,10.0,10.0,10.0,2.0
496648192,52.0,52.0,Graded,2022-09-14 14:11:03 -0500,00:00:00,3.0,1.0,10.0,10.0,10.0,10.0,10.0,2.0
139056282,51.0,52.0,Graded,2022-09-24 23:18:11 -0500,00:00:00,1.0,2.0,10.0,10.0,10.0,10.0,9.0,2.0
411819068,45.0,52.0,Graded,2022-09-24 23:01:36 -0500,00:00:00,2.0,1.0,10.0,10.0,10.0,7.0,8.0,0.0
968248176,49.0,52.0,Graded,2022-09-24 21:19:12 -0500,00:00:00,2.0,1.0,10.0,8.0,10.0,9.0,10.0,2.0
744337479,52.0,52.0,Graded,2022-09-22 00:39:31 -0500,00:00:00,1.0,1.0,10.0,10.0,10.0,10.0,10.0,2.0
105324844,46.5,52.0,Graded,2022-09-24 16:27:24 -0500,00:00:00,0.0,1.0,10.0,8.0,8.5,10.0,10.0,0.0
608215287,,52.0,Missing,,,,,,,,,,
484405746,50.0,52.0,Graded,2022-09-23 20:53:42 -0500,00:00:00,1.0,1.0,8.0,10.0,10.0,10.0,10.0,2.0
943661848,52.0,52.0,Graded,2022-09-22 21:20:04 -0500,00:00:00,1.0,1.0,10.0,10.0,10.0,10.0,10.0,2.0
907286841,,52.0,Missing,,,,,,,,,,
359759230,50.0,52.0,Graded,2022-09-24 23:55:36 -0500,00:00:00,3.0,1.0,10.0,10.0,10.0,10.0,10.0,0.0
442821320,49.5,52.0,Graded,2022-09-24 23:45:39 -0500,00:00:00,3.0,2.0,10.0,8.5,10.0,10.0,9.0,2.0
963746914,52.0,52.0,Graded,2022-09-24 19:59:34 -0500,00:00:00,2.0,1.0,10.0,10.0,10.0,10.0,10.0,2.0
410273349,48.0,52.0,Graded,2022-09-20 08:53:15 -0500,00:00:00,5.0,2.0,10.0,10.0,10.0,10.0,6.0,2.0
928986287,52.0,52.0,Graded,2022-09-24 16:06:44 -0500,00:00:00,1.0,1.0,10.0,10.0,10.0,10.0,10.0,2.0
411913399,48.5,52.0,Graded,2022-09-24 23:56:34 -0500,00:00:00,0.0,1.0,10.0,8.5,10.0,10.0,10.0,0.0
717283131,50.0,52.0,Graded,2022-09-24 17:50:19 -0500,00:00:00,4.0,3.0,10.0,10.0,10.0,10.0,10.0,0.0
889941393,52.0,52.0,Graded,2022-09-21 21:20:53 -0500,00:00:00,1.0,1.0,10.0,10.0,10.0,10.0,10.0,2.0
788596770,44.0,52.0,Graded,2022-09-24 20:01:47 -0500,00:00:00,1.0,1.0,8.0,9.0,10.0,7.0,8.0,2.0
941280573,50.5,52.0,Graded,2022-09-24 18:17:50 -0500,00:00:00,0.0,2.0,10.0,8.5,10.0,10.0,10.0,2.0
250884994,43.5,52.0,Graded,2022-09-24 22:44:13 -0500,00:00:00,3.0,1.0,8.0,8.5,10.0,9.0,6.0,2.0
719711907,42.0,52.0,Graded,2022-09-24 18:07:22 -0500,00:00:00,2.0,2.0,10.0,7.0,10.0,3.0,10.0,2.0
118397071,43.0,52.0,Graded,2022-09-24 23:35:23 -0500,00:00:00,0.0,1.0,10.0,8.0,10.0,10.0,5.0,0.0
888606400,52.0,52.0,Graded,2022-09-24 16:08:16 -0500,00:00:00,1.0,1.0,10.0,10.0,10.0,10.0,10.0,2.0
193781663,32.5,52.0,Graded,2022-09-23 20:50:00 -0500,00:00:00,2.0,1.0,10.0,4.0,4.5,4.0,10.0,0.0
236595923,52.0,52.0,Graded,2022-09-26 11:57:22 -0500,35:58:22,0.0,1.0,10.0,10.0,10.0,10.0,10.0,2.0
464591232,52.0,52.0,Graded,2022-09-24 19:56:46 -0500,00:00:00,0.0,1.0,10.0,10.0,10.0,10.0,10.0,2.0
937801142,50.0,52.0,Graded,2022-09-24 23:32:05 -0500,00:00:00,1.0,1.0,10.0,10.0,10.0,10.0,10.0,0.0
718131231,50.0,52.0,Graded,2022-09-24 17:01:09 -0500,00:00:00,0.0,1.0,10.0,10.0,10.0,10.0,10.0,0.0
207156324,52.0,52.0,Graded,2022-09-24 20:44:49 -0500,00:00:00,2.0,2.0,10.0,10.0,10.0,10.0,10.0,2.0
138190992,,52.0,Missing,,,,,,,,,,
188148399,41.5,52.0,Graded,2022-09-24 15:05:46 -0500,00:00:00,2.0,1.0,10.0,8.5,10.0,3.0,10.0,0.0
258815820,49.0,52.0,Graded,2022-09-22 22:15:56 -0500,00:00:00,0.0,1.0,10.0,10.0,10.0,9.0,10.0,0.0
177969362,48.0,52.0,Graded,2022-09-24 20:22:18 -0500,00:00:00,0.0,2.0,10.0,8.0,10.0,10.0,10.0,0.0
200495348,52.0,52.0,Graded,2022-09-24 17:43:15 -0500,00:00:00,0.0,1.0,10.0,10.0,10.0,10.0,10.0,2.0
228387210,47.0,52.0,Graded,2022-09-24 23:09:47 -0500,00:00:00,3.0,4.0,10.0,7.0,10.0,10.0,10.0,0.0
177538742,50.0,52.0,Graded,2022-09-24 21:35:43 -0500,00:00:00,4.0,1.0,10.0,10.0,10.0,10.0,10.0,0.0
251182625,49.0,52.0,Graded,2022-09-22 13:52:08 -0500,00:00:00,1.0,2.0,10.0,10.0,10.0,10.0,7.0,2.0
897003650,19.5,52.0,Graded,2022-09-24 19:32:45 -0500,00:00:00,6.0,1.0,6.0,0.0,4.5,3.0,6.0,0.0
851445222,,52.0,Missing,,,,,,,,,,
980531633,43.5,52.0,Graded,2022-09-26 21:01:21 -0500,45:02:21,4.0,1.0,10.0,8.0,7.5,8.0,10.0,0.0
857674188,47.5,52.0,Graded,2022-09-24 23:07:40 -0500,00:00:00,0.0,1.0,10.0,8.5,10.0,10.0,9.0,0.0
636016277,41.5,52.0,Graded,2022-09-24 21:19:10 -0500,00:00:00,0.0,1.0,10.0,6.5,5.0,10.0,10.0,0.0
277755079,,52.0,Missing,,,,,,,,,,
754161398,41.0,52.0,Graded,2022-09-22 18:07:24 -0500,00:00:00,1.0,1.0,10.0,8.0,10.0,10.0,3.0,0.0
488411601,49.0,52.0,Graded,2022-12-12 15:41:20 -0600,1888:42:20,0.0,1.0,10.0,10.0,10.0,9.0,10.0,0.0
722597200,43.0,52.0,Graded,2022-09-24 23:49:01 -0500,00:00:00,0.0,1.0,10.0,10.0,10.0,3.0,10.0,0.0
149156269,,52.0,Missing,,,,,,,,,,
147623686,46.5,52.0,Graded,2022-09-24 22:47:47 -0500,00:00:00,1.0,3.0,10.0,6.5,10.0,10.0,10.0,0.0
549089373,50.0,52.0,Graded,2022-09-23 17:32:56 -0500,00:00:00,1.0,1.0,10.0,10.0,10.0,10.0,10.0,0.0
706103987,52.0,52.0,Graded,2022-09-24 13:37:07 -0500,00:00:00,1.0,1.0,10.0,10.0,10.0,10.0,10.0,2.0
974175861,47.0,52.0,Graded,2022-09-24 20:31:54 -0500,00:00:00,2.0,1.0,10.0,10.0,5.0,10.0,10.0,2.0
341083491,50.0,52.0,Graded,2022-09-24 19:58:19 -0500,00:00:00,1.0,1.0,10.0,10.0,10.0,10.0,10.0,0.0
564894421,23.0,52.0,Graded,2022-09-24 21:55:47 -0500,00:00:00,1.0,1.0,10.0,0.0,0.0,10.0,3.0,0.0
183274315,50.0,52.0,Graded,2022-09-24 22:46:41 -0500,00:00:00,2.0,1.0,10.0,10.0,10.0,10.0,10.0,0.0
496833752,50.5,52.0,Graded,2022-09-24 23:15:57 -0500,00:00:00,2.0,1.0,10.0,8.5,10.0,10.0,10.0,2.0
881416106,35.5,52.0,Graded,2022-09-24 23:55:17 -0500,00:00:00,1.0,1.0,10.0,8.5,7.0,10.0,0.0,0.0
881416106,,52.0,Missing,,,,,,,,,,
781669299,35.5,52.0,Graded,2022-09-24 23:55:17 -0500,00:00:00,1.0,1.0,10.0,8.5,7.0,10.0,0.0,0.0
781669299,,52.0,Missing,,,,,,,,,,
119077366,52.0,52.0,Graded,2022-09-23 17:43:10 -0500,00:00:00,1.0,1.0,10.0,10.0,10.0,10.0,10.0,2.0
834807552,50.0,52.0,Graded,2022-09-24 20:38:31 -0500,00:00:00,0.0,1.0,10.0,10.0,10.0,10.0,10.0,0.0
307090791,50.0,52.0,Graded,2022-09-24 21:58:45 -0500,00:00:00,2.0,1.0,10.0,10.0,10.0,10.0,10.0,0.0
540669649,50.5,52.0,Graded,2022-09-24 19:33:32 -0500,00:00:00,5.0,1.0,10.0,8.5,10.0,10.0,10.0,2.0
994769592,43.0,52.0,Graded,2022-09-21 04:49:28 -0500,00:00:00,1.0,1.0,10.0,10.0,5.0,10.0,8.0,0.0
936606317,44.5,52.0,Graded,2022-09-24 23:49:36 -0500,00:00:00,1.0,1.0,10.0,8.5,10.0,10.0,6.0,0.0
535181971,50.0,52.0,Graded,2022-09-22 23:15:19 -0500,00:00:00,0.0,1.0,10.0,10.0,10.0,10.0,10.0,0.0
265576960,48.0,52.0,Graded,2022-09-20 08:21:45 -0500,00:00:00,0.0,1.0,10.0,10.0,10.0,6.0,10.0,2.0
706684758,52.0,52.0,Graded,2022-09-24 23:27:59 -0500,00:00:00,1.0,3.0,10.0,10.0,10.0,10.0,10.0,2.0
262076393,,52.0,Missing,,,,,,,,,,
529096059,40.0,52.0,Graded,2022-09-23 11:50:54 -0500,00:00:00,9.0,1.0,10.0,7.0,10.0,3.0,10.0,0.0
831110918,33.5,52.0,Graded,2022-09-24 23:52:32 -0500,00:00:00,3.0,1.0,6.0,1.5,4.0,10.0,10.0,2.0
499452888,50.0,52.0,Graded,2022-09-24 16:03:30 -0500,00:00:00,1.0,1.0,10.0,8.0,10.0,10.0,10.0,2.0
305089579,47.5,52.0,Graded,2022-09-24 19:21:03 -0500,00:00:00,1.0,1.0,10.0,8.5,10.0,7.0,10.0,2.0
800103092,52.0,52.0,Graded,2022-09-24 23:00:32 -0500,00:00:00,2.0,1.0,10.0,10.0,10.0,10.0,10.0,2.0
730386537,,52.0,Missing,,,,,,,,,,
226714695,50.0,52.0,Graded,2022-09-23 16:39:59 -0500,00:00:00,0.0,1.0,10.0,10.0,10.0,10.0,8.0,2.0
382807776,46.0,52.0,Graded,2022-09-22 22:58:53 -0500,00:00:00,0.0,1.0,10.0,6.0,10.0,10.0,10.0,0.0
538095794,50.5,52.0,Graded,2022-09-24 23:48:39 -0500,00:00:00,2.0,2.0,10.0,10.0,8.5,10.0,10.0,2.0
220662901,,52.0,Missing,,,,,,,,,,
391282183,48.0,52.0,Graded,2022-09-24 19:36:49 -0500,00:00:00,0.0,1.0,10.0,10.0,10.0,10.0,6.0,2.0
761663525,52.0,52.0,Graded,2022-09-24 23:07:21 -0500,00:00:00,3.0,1.0,10.0,10.0,10.0,10.0,10.0,2.0
253357219,49.0,52.0,Graded,2022-09-24 23:21:26 -0500,00:00:00,5.0,1.0,10.0,10.0,10.0,10.0,9.0,0.0
158082447,52.0,52.0,Graded,2022-09-24 17:31:02 -0500,00:00:00,4.0,1.0,10.0,10.0,10.0,10.0,10.0,2.0
654272102,46.0,52.0,Graded,2022-09-24 22:26:22 -0500,00:00:00,2.0,4.0,10.0,6.0,10.0,10.0,10.0,0.0
242433745,50.0,52.0,Graded,2022-09-24 19:01:19 -0500,00:00:00,0.0,2.0,10.0,10.0,10.0,10.0,10.0,0.0
748668207,51.0,52.0,Graded,2022-09-24 23:54:48 -0500,00:00:00,0.0,1.0,10.0,10.0,10.0,10.0,9.0,2.0
416498814,16.0,52.0,Graded,2022-09-24 23:27:02 -0500,00:00:00,0.0,1.0,10.0,6.0,0.0,0.0,0.0,0.0
714416096,51.0,52.0,Graded,2022-09-24 23:56:19 -0500,00:00:00,14.0,1.0,10.0,10.0,10.0,10.0,9.0,2.0
803783009,48.5,52.0,Graded,2022-09-24 20:51:41 -0500,00:00:00,0.0,1.0,10.0,8.5,10.0,10.0,10.0,0.0
422591545,49.0,52.0,Graded,2022-09-24 23:12:39 -0500,00:00:00,2.0,1.0,10.0,10.0,10.0,9.0,10.0,0.0
454761787,,52.0,Missing,,,,,,,,,,
979704902,33.0,52.0,Graded,2022-09-22 22:59:48 -0500,00:00:00,1.0,1.0,10.0,8.0,10.0,0.0,5.0,0.0
526557461,10.0,52.0,Graded,2022-09-24 22:50:32 -0500,00:00:00,0.0,1.0,6.0,4.0,0.0,0.0,0.0,0.0
599867770,48.0,52.0,Graded,2022-09-24 02:56:45 -0500,00:00:00,1.0,1.0,10.0,10.0,10.0,10.0,6.0,2.0
918749665,49.5,52.0,Graded,2022-09-21 11:51:53 -0500,00:00:00,2.0,1.0,9.5,10.0,10.0,10.0,10.0,0.0
959883566,52.0,52.0,Graded,2022-09-24 20:57:51 -0500,00:00:00,2.0,1.0,10.0,10.0,10.0,10.0,10.0,2.0
597567139,52.0,52.0,Graded,2022-09-24 19:27:27 -0500,00:00:00,1.0,1.0,10.0,10.0,10.0,10.0,10.0,2.0
103516833,44.5,52.0,Graded,2022-09-24 20:12:18 -0500,00:00:00,0.0,1.0,10.0,8.5,10.0,10.0,6.0,0.0
992611871,48.5,52.0,Graded,2022-09-24 23:59:01 -0500,00:00:01,0.0,1.0,10.0,8.5,10.0,10.0,10.0,0.0
583945776,47.0,52.0,Graded,2022-09-24 15:38:34 -0500,00:00:00,3.0,2.0,10.0,10.0,5.0,10.0,10.0,2.0
468351365,50.0,52.0,Graded,2022-09-24 21:08:08 -0500,00:00:00,1.0,1.0,10.0,10.0,10.0,10.0,10.0,0.0
171128713,,52.0,Missing,,,,,,,,,,
829757696,48.5,52.0,Graded,2022-09-24 22:17:03 -0500,00:00:00,4.0,2.0,10.0,8.5,10.0,10.0,10.0,0.0
828110959,52.0,52.0,Graded,2022-09-24 23:12:36 -0500,00:00:00,1.0,1.0,10.0,10.0,10.0,10.0,10.0,2.0
818120983,50.0,52.0,Graded,2022-09-23 20:29:39 -0500,00:00:00,0.0,1.0,10.0,10.0,10.0,10.0,10.0,0.0
122086878,48.0,52.0,Graded,2022-09-24 23:54:43 -0500,00:00:00,1.0,2.0,10.0,8.0,10.0,10.0,10.0,0.0
992179622,44.0,52.0,Graded,2022-09-23 19:06:57 -0500,00:00:00,1.0,1.0,10.0,10.0,8.5,5.5,10.0,0.0
580872504,52.0,52.0,Graded,2022-09-23 14:40:45 -0500,00:00:00,1.0,1.0,10.0,10.0,10.0,10.0,10.0,2.0
340015460,45.0,52.0,Graded,2022-09-22 20:23:42 -0500,00:00:00,2.0,1.0,10.0,10.0,10.0,10.0,3.0,2.0
315771604,50.0,52.0,Graded,2022-09-24 22:10:08 -0500,00:00:00,1.0,1.0,10.0,10.0,10.0,10.0,10.0,0.0
287997147,10.0,52.0,Graded,2022-09-24 22:36:23 -0500,00:00:00,1.0,1.0,10.0,0.0,0.0,0.0,0.0,0.0
174700007,20.5,52.0,Graded,2022-09-24 23:58:25 -0500,00:00:00,1.0,1.0,10.0,8.5,0.0,2.0,0.0,0.0
934612942,37.5,52.0,Graded,2022-09-24 23:56:41 -0500,00:00:00,7.0,1.0,10.0,8.5,10.0,7.0,2.0,0.0
237280992,50.0,52.0,Graded,2022-09-24 20:23:59 -0500,00:00:00,1.0,1.0,10.0,8.0,10.0,10.0,10.0,2.0
587634781,49.0,52.0,Graded,2022-09-24 22:21:47 -0500,00:00:00,3.0,1.0,8.0,10.0,10.0,9.0,10.0,2.0
734458226,50.0,52.0,Graded,2022-09-24 23:10:58 -0500,00:00:00,3.0,1.0,10.0,10.0,10.0,10.0,8.0,2.0
286960191,40.0,52.0,Graded,2022-09-24 02:25:38 -0500,00:00:00,3.0,1.0,8.0,10.0,10.0,9.0,3.0,0.0
807600492,37.5,52.0,Graded,2022-09-24 18:27:39 -0500,00:00:00,1.0,1.0,8.0,8.0,7.0,4.5,10.0,0.0
915813150,52.0,52.0,Graded,2022-09-20 14:26:33 -0500,00:00:00,1.0,1.0,10.0,10.0,10.0,10.0,10.0,2.0
268592192,,52.0,Missing,,,,,,,,,,
944383529,51.0,52.0,Graded,2022-09-20 14:59:42 -0500,00:00:00,4.0,1.0,10.0,10.0,10.0,9.0,10.0,2.0
114562364,48.0,52.0,Graded,2022-09-24 21:13:51 -0500,00:00:00,5.0,1.0,10.0,10.0,10.0,10.0,6.0,2.0
995177563,39.0,52.0,Graded,2022-09-24 23:53:38 -0500,00:00:00,4.0,2.0,10.0,10.0,10.0,3.0,6.0,0.0
827900608,43.0,52.0,Graded,2022-09-24 23:55:51 -0500,00:00:00,0.0,2.0,10.0,10.0,10.0,8.0,5.0,0.0
328478800,46.5,52.0,Graded,2022-09-24 22:20:25 -0500,00:00:00,3.0,1.0,10.0,8.5,10.0,10.0,8.0,0.0
606523192,50.5,52.0,Graded,2022-09-24 23:55:56 -0500,00:00:00,1.0,2.0,10.0,8.5,10.0,10.0,10.0,2.0
909619050,48.0,52.0,Graded,2022-09-24 23:22:14 -0500,00:00:00,0.0,1.0,10.0,10.0,10.0,10.0,8.0,0.0
148568617,52.0,52.0,Graded,2022-09-23 15:19:23 -0500,00:00:00,2.0,1.0,10.0,10.0,10.0,10.0,10.0,2.0
654614175,52.0,52.0,Graded,2022-09-24 21:22:28 -0500,00:00:00,0.0,1.0,10.0,10.0,10.0,10.0,10.0,2.0
829664514,43.5,52.0,Graded,2022-09-24 23:45:56 -0500,00:00:00,1.0,1.0,10.0,8.5,10.0,10.0,3.0,2.0
803321204,50.5,52.0,Graded,2022-09-23 14:18:51 -0500,00:00:00,3.0,2.0,10.0,8.5,10.0,10.0,10.0,2.0
287532404,52.0,52.0,Graded,2022-09-24 19:55:57 -0500,00:00:00,2.0,1.0,10.0,10.0,10.0,10.0,10.0,2.0
604876819,52.0,52.0,Graded,2022-09-21 10:33:52 -0500,00:00:00,2.0,1.0,10.0,10.0,10.0,10.0,10.0,2.0
251388393,50.5,52.0,Graded,2022-09-24 15:09:05 -0500,00:00:00,1.0,1.0,10.0,8.5,10.0,10.0,10.0,2.0
549851463,41.0,52.0,Graded,2022-09-24 23:26:04 -0500,00:00:00,1.0,1.0,10.0,8.5,10.0,5.5,7.0,0.0
465269876,,52.0,Missing,,,,,,,,,,
802011554,50.5,52.0,Graded,2022-09-27 17:11:01 -0500,65:12:01,2.0,1.0,10.0,8.5,10.0,10.0,10.0,2.0
635747278,45.0,52.0,Graded,2022-09-23 21:40:51 -0500,00:00:00,0.0,1.0,10.0,8.0,10.0,10.0,7.0,0.0
827611327,42.0,52.0,Graded,2022-09-24 13:15:55 -0500,00:00:00,2.0,1.0,8.0,8.5,9.0,4.5,10.0,2.0
981101538,48.5,52.0,Graded,2022-09-24 22:21:37 -0500,00:00:00,1.0,1.0,10.0,8.5,10.0,10.0,8.0,2.0
987928730,48.5,52.0,Graded,2022-09-24 20:56:00 -0500,00:00:00,4.0,1.0,10.0,8.5,10.0,10.0,10.0,0.0
200028206,52.0,52.0,Graded,2022-09-24 20:06:12 -0500,00:00:00,4.0,1.0,10.0,10.0,10.0,10.0,10.0,2.0
367317839,52.0,52.0,Graded,2022-09-22 18:04:51 -0500,00:00:00,1.0,2.0,10.0,10.0,10.0,10.0,10.0,2.0
724100099,47.5,52.0,Graded,2022-09-24 23:47:38 -0500,00:00:00,0.0,1.0,10.0,8.5,10.0,10.0,7.0,2.0
155851248,50.0,52.0,Graded,2022-09-24 19:16:31 -0500,00:00:00,0.0,1.0,10.0,8.0,10.0,10.0,10.0,2.0
320001219,52.0,52.0,Graded,2022-09-22 19:01:21 -0500,00:00:00,4.0,2.0,10.0,10.0,10.0,10.0,10.0,2.0
806095004,48.5,52.0,Graded,2022-09-22 23:07:01 -0500,00:00:00,0.0,1.0,10.0,10.0,7.5,9.0,10.0,2.0
794981163,50.0,52.0,Graded,2022-09-22 23:09:15 -0500,00:00:00,2.0,1.0,8.0,10.0,10.0,10.0,10.0,2.0
912932855,52.0,52.0,Graded,2022-09-24 22:34:42 -0500,00:00:00,0.0,2.0,10.0,10.0,10.0,10.0,10.0,2.0
500762519,51.0,52.0,Graded,2022-09-25 00:00:40 -0500,00:01:40,2.0,1.0,10.0,10.0,10.0,10.0,9.0,2.0
973763888,50.0,52.0,Graded,2022-09-24 17:02:36 -0500,00:00:00,0.0,2.0,10.0,10.0,10.0,10.0,10.0,0.0
170991668,49.5,52.0,Graded,2022-09-19 19:58:00 -0500,00:00:00,1.0,2.0,10.0,10.0,8.5,9.0,10.0,2.0
259154711,49.0,52.0,Graded,2022-09-24 23:55:41 -0500,00:00:00,3.0,1.0,10.0,10.0,10.0,10.0,9.0,0.0
853027552,52.0,52.0,Graded,2022-09-23 20:56:32 -0500,00:00:00,0.0,1.0,10.0,10.0,10.0,10.0,10.0,2.0
612832753,50.0,52.0,Graded,2022-09-23 14:50:52 -0500,00:00:00,1.0,2.0,10.0,10.0,10.0,10.0,8.0,2.0
113289517,49.0,52.0,Graded,2022-09-24 22:32:23 -0500,00:00:00,1.0,1.0,10.0,10.0,10.0,9.0,10.0,0.0
823906653,50.0,52.0,Graded,2022-09-24 21:00:57 -0500,00:00:00,2.0,4.0,10.0,8.0,10.0,10.0,10.0,2.0
543773582,50.5,52.0,Graded,2022-09-24 23:56:33 -0500,00:00:00,3.0,2.0,10.0,8.5,10.0,10.0,10.0,2.0
624396569,45.0,52.0,Graded,2022-09-24 20:12:22 -0500,00:00:00,1.0,1.0,8.0,10.0,10.0,7.0,8.0,2.0
498220528,48.0,52.0,Graded,2022-09-24 14:36:42 -0500,00:00:00,1.0,1.0,8.0,10.0,10.0,10.0,10.0,0.0
507273770,52.0,52.0,Graded,2022-09-24 20:22:21 -0500,00:00:00,1.0,1.0,10.0,10.0,10.0,10.0,10.0,2.0
582804068,,52.0,Missing,,,,,,,,,,
241288793,,52.0,Missing,,,,,,,,,,
977027424,49.5,52.0,Graded,2022-09-24 22:10:20 -0500,00:00:00,3.0,1.0,10.0,8.5,10.0,9.0,10.0,2.0
799911481,44.0,52.0,Graded,2022-09-24 16:32:01 -0500,00:00:00,0.0,1.0,10.0,8.0,10.0,10.0,6.0,0.0
820492858,44.5,52.0,Graded,2022-09-24 21:09:48 -0500,00:00:00,0.0,1.0,10.0,8.5,10.0,10.0,6.0,0.0
567174326,42.0,52.0,Graded,2022-09-24 23:40:34 -0500,00:00:00,1.0,1.0,10.0,8.5,7.5,6.0,10.0,0.0
827903731,52.0,52.0,Graded,2022-09-21 21:06:53 -0500,00:00:00,1.0,1.0,10.0,10.0,10.0,10.0,10.0,2.0
766195530,33.5,52.0,Graded,2022-09-24 23:59:25 -0500,00:00:25,2.0,1.0,10.0,6.5,10.0,0.0,7.0,0.0
760982848,46.0,52.0,Graded,2022-09-24 16:08:20 -0500,00:00:00,0.0,1.0,10.0,10.0,10.0,6.0,10.0,0.0
175804971,48.0,52.0,Graded,2022-09-22 20:06:45 -0500,00:00:00,1.0,1.0,10.0,10.0,10.0,8.0,10.0,0.0
450838843,47.5,52.0,Graded,2022-09-24 18:01:18 -0500,00:00:00,7.0,3.0,10.0,8.5,10.0,7.0,10.0,2.0
228504431,49.0,52.0,Graded,2022-09-24 23:58:10 -0500,00:00:00,0.0,2.0,10.0,10.0,10.0,10.0,9.0,0.0
172025158,50.0,52.0,Graded,2022-09-24 22:43:09 -0500,00:00:00,1.0,1.0,10.0,10.0,10.0,10.0,10.0,0.0
617072763,18.0,52.0,Graded,2022-09-24 23:57:15 -0500,00:00:00,0.0,1.0,10.0,0.0,0.0,8.0,0.0,0.0
205298298,52.0,52.0,Graded,2022-09-24 21:15:08 -0500,00:00:00,1.0,2.0,10.0,10.0,10.0,10.0,10.0,2.0
271322090,52.0,52.0,Graded,2022-09-22 20:09:26 -0500,00:00:00,0.0,1.0,10.0,10.0,10.0,10.0,10.0,2.0
874987678,52.0,52.0,Graded,2022-09-24 20:49:05 -0500,00:00:00,0.0,2.0,10.0,10.0,10.0,10.0,10.0,2.0
344244488,50.0,52.0,Graded,2022-09-24 18:13:02 -0500,00:00:00,0.0,1.0,10.0,10.0,10.0,10.0,10.0,0.0
596322861,52.0,52.0,Graded,2022-09-26 13:34:10 -0500,37:35:10,0.0,4.0,10.0,10.0,10.0,10.0,10.0,2.0
844072779,52.0,52.0,Graded,2022-09-23 16:21:10 -0500,00:00:00,2.0,1.0,10.0,10.0,10.0,10.0,10.0,2.0
789354791,50.0,52.0,Graded,2022-09-23 17:33:41 -0500,00:00:00,7.0,1.0,10.0,10.0,10.0,10.0,8.0,2.0
712401694,29.5,52.0,Graded,2022-09-24 23:58:29 -0500,00:00:00,2.0,2.0,10.0,8.5,2.0,9.0,0.0,0.0
469327354,36.5,52.0,Graded,2022-09-24 23:57:11 -0500,00:00:00,1.0,1.0,10.0,8.5,5.0,3.0,10.0,0.0
224722605,,52.0,Missing,,,,,,,,,,
975894419,48.5,52.0,Graded,2022-09-24 22:29:10 -0500,00:00:00,1.0,1.0,10.0,8.5,10.0,10.0,10.0,0.0
347004012,47.0,52.0,Graded,2022-09-24 16:27:55 -0500,00:00:00,7.0,1.0,8.0,10.0,10.0,7.0,10.0,2.0
202503529,48.5,52.0,Graded,2022-09-24 22:18:28 -0500,00:00:00,3.0,1.0,10.0,8.5,10.0,10.0,10.0,0.0
109676668,50.5,52.0,Graded,2022-09-24 23:57:00 -0500,00:00:00,1.0,2.0,10.0,8.5,10.0,10.0,10.0,2.0
612288045,47.0,52.0,Graded,2022-09-24 23:17:05 -0500,00:00:00,1.0,1.0,8.0,10.0,10.0,7.0,10.0,2.0
592063653,50.5,52.0,Graded,2022-09-23 22:25:06 -0500,00:00:00,2.0,1.0,10.0,10.0,8.5,10.0,10.0,2.0
703728651,43.0,52.0,Graded,2022-09-24 23:59:54 -0500,00:00:54,0.0,1.0,8.0,8.0,10.0,10.0,7.0,0.0
451874760,46.5,52.0,Graded,2022-09-24 20:07:51 -0500,00:00:00,2.0,1.0,10.0,8.0,8.5,10.0,10.0,0.0
646355412,50.5,52.0,Graded,2022-09-24 23:11:26 -0500,00:00:00,2.0,1.0,10.0,8.5,10.0,10.0,10.0,2.0
230651161,49.0,52.0,Graded,2022-09-24 20:22:45 -0500,00:00:00,1.0,2.0,10.0,10.0,9.0,10.0,10.0,0.0
754375823,,52.0,Missing,,,,,,,,,,
812260068,35.5,52.0,Graded,2022-09-24 23:57:58 -0500,00:00:00,0.0,1.0,10.0,2.5,10.0,9.0,2.0,2.0
951481595,45.0,52.0,Graded,2022-09-24 21:21:05 -0500,00:00:00,8.0,2.0,6.0,9.0,10.0,8.0,10.0,2.0
921076154,47.0,52.0,Graded,2022-09-24 16:46:06 -0500,00:00:00,0.0,1.0,10.0,9.0,10.0,10.0,8.0,0.0
449241542,39.0,52.0,Graded,2022-09-24 22:56:31 -0500,00:00:00,7.0,1.0,10.0,10.0,0.0,9.0,10.0,0.0
613579952,52.0,52.0,Graded,2022-09-24 23:23:48 -0500,00:00:00,0.0,1.0,10.0,10.0,10.0,10.0,10.0,2.0
795533292,43.0,52.0,Graded,2022-09-24 23:55:49 -0500,00:00:00,3.0,1.0,10.0,10.0,10.0,3.0,10.0,0.0
961061035,44.5,52.0,Graded,2022-09-24 23:13:52 -0500,00:00:00,0.0,2.0,10.0,8.5,10.0,10.0,6.0,0.0
524269695,,52.0,Missing,,,,,,,,,,
233084695,27.5,52.0,Graded,2022-09-23 17:48:40 -0500,00:00:00,1.0,1.0,10.0,7.5,0.0,0.0,10.0,0.0
618644141,50.0,52.0,Graded,2022-09-24 21:07:57 -0500,00:00:00,0.0,1.0,10.0,10.0,10.0,10.0,10.0,0.0
927131401,41.0,52.0,Graded,2022-09-24 23:54:38 -0500,00:00:00,0.0,2.0,4.0,8.0,10.0,10.0,9.0,0.0
512795474,52.0,52.0,Graded,2022-09-24 22:24:42 -0500,00:00:00,3.0,1.0,10.0,10.0,10.0,10.0,10.0,2.0
331964985,50.0,52.0,Graded,2022-09-24 21:28:57 -0500,00:00:00,1.0,1.0,10.0,10.0,10.0,10.0,10.0,0.0
855495962,52.0,52.0,Graded,2022-09-24 20:01:22 -0500,00:00:00,2.0,2.0,10.0,10.0,10.0,10.0,10.0,2.0
998650703,35.0,52.0,Graded,2022-09-24 22:59:47 -0500,00:00:00,1.0,1.0,10.0,6.0,10.0,9.0,0.0,0.0
856742706,34.5,52.0,Graded,2022-09-24 23:39:47 -0500,00:00:00,0.0,1.0,8.0,6.0,2.0,8.5,10.0,0.0
779856123,35.0,52.0,Graded,2022-09-24 23:56:27 -0500,00:00:00,1.0,1.0,10.0,8.5,8.5,8.0,0.0,0.0
448105180,21.5,52.0,Graded,2022-09-24 23:59:33 -0500,00:00:33,0.0,1.0,4.0,4.0,6.5,3.0,4.0,0.0
152653717,47.5,52.0,Graded,2022-09-24 22:39:38 -0500,00:00:00,2.0,1.0,10.0,8.5,10.0,7.0,10.0,2.0
869335817,47.5,52.0,Graded,2022-09-24 23:55:54 -0500,00:00:00,2.0,1.0,10.0,8.5,10.0,10.0,9.0,0.0
357395409,42.5,52.0,Graded,2022-09-24 19:39:51 -0500,00:00:00,5.0,1.0,10.0,7.5,10.0,3.0,10.0,2.0
663677168,40.0,52.0,Graded,2022-09-24 23:47:35 -0500,00:00:00,3.0,1.0,10.0,0.0,10.0,10.0,10.0,0.0
612588975,42.5,52.0,Graded,2022-09-19 22:46:54 -0500,00:00:00,1.0,1.0,8.0,4.5,10.0,8.0,10.0,2.0
236439197,,52.0,Missing,,,,,,,,,,
194767716,42.5,52.0,Graded,2022-09-24 23:55:22 -0500,00:00:00,2.0,1.0,10.0,10.0,10.0,3.5,9.0,0.0
413697324,52.0,52.0,Graded,2022-09-24 16:49:03 -0500,00:00:00,1.0,2.0,10.0,10.0,10.0,10.0,10.0,2.0
295082527,44.5,52.0,Graded,2022-09-24 19:18:03 -0500,00:00:00,1.0,1.0,10.0,8.5,8.0,10.0,8.0,0.0
820436799,52.0,52.0,Graded,2022-10-10 10:24:20 -0500,370:25:20,1.0,1.0,10.0,10.0,10.0,10.0,10.0,2.0
818032069,47.5,52.0,Graded,2022-09-24 23:45:49 -0500,00:00:00,1.0,1.0,10.0,8.5,10.0,10.0,7.0,2.0
140341082,48.0,52.0,Graded,2022-09-24 23:19:49 -0500,00:00:00,3.0,1.0,10.0,8.0,10.0,10.0,10.0,0.0
959944273,48.0,52.0,Graded,2022-09-24 23:43:01 -0500,00:00:00,2.0,1.0,10.0,8.0,10.0,10.0,10.0,0.0
737209238,51.0,52.0,Graded,2022-09-24 23:54:53 -0500,00:00:00,2.0,4.0,10.0,10.0,10.0,10.0,9.0,2.0
789619419,52.0,52.0,Graded,2022-09-24 23:57:29 -0500,00:00:00,1.0,2.0,10.0,10.0,10.0,10.0,10.0,2.0
409608341,52.0,52.0,Graded,2022-09-24 19:59:51 -0500,00:00:00,2.0,2.0,10.0,10.0,10.0,10.0,10.0,2.0
670589436,,52.0,Missing,,,,,,,,,,
528283788,24.0,52.0,Graded,2022-09-24 18:06:46 -0500,00:00:00,1.0,1.0,8.0,4.0,0.0,9.0,3.0,0.0
387775822,50.0,52.0,Graded,2022-09-24 20:25:08 -0500,00:00:00,1.0,2.0,10.0,10.0,10.0,10.0,10.0,0.0
491423621,,52.0,Missing,,,,,,,,,,
435513629,52.0,52.0,Graded,2022-09-24 23:09:17 -0500,00:00:00,3.0,1.0,10.0,10.0,10.0,10.0,10.0,2.0
933263408,50.0,52.0,Graded,2022-09-24 22:38:43 -0500,00:00:00,1.0,1.0,10.0,10.0,10.0,10.0,10.0,0.0
334276170,50.0,52.0,Graded,2022-09-24 13:24:24 -0500,00:00:00,1.0,1.0,10.0,10.0,10.0,10.0,10.0,0.0
629529492,50.0,52.0,Graded,2022-09-24 17:01:57 -0500,00:00:00,1.0,1.0,10.0,10.0,10.0,10.0,10.0,0.0
686563160,49.0,52.0,Graded,2022-09-24 16:08:53 -0500,00:00:00,1.0,1.0,10.0,8.5,8.5,10.0,10.0,2.0
739219874,48.0,52.0,Graded,2022-09-24 23:56:48 -0500,00:00:00,7.0,2.0,10.0,10.0,10.0,10.0,6.0,2.0
394932001,51.0,52.0,Graded,2022-09-21 20:49:49 -0500,00:00:00,1.0,2.0,10.0,10.0,10.0,9.0,10.0,2.0
239659876,40.5,52.0,Graded,2022-09-24 22:15:48 -0500,00:00:00,1.0,1.0,10.0,8.5,5.0,7.0,10.0,0.0
312992693,52.0,52.0,Graded,2022-09-24 23:30:51 -0500,00:00:00,3.0,1.0,10.0,10.0,10.0,10.0,10.0,2.0
269388788,50.0,52.0,Graded,2022-09-24 21:54:20 -0500,00:00:00,2.0,1.0,10.0,10.0,10.0,10.0,10.0,0.0
431198619,47.0,52.0,Graded,2022-09-24 22:58:09 -0500,00:00:00,2.0,3.0,10.0,10.0,10.0,7.0,10.0,0.0
989909750,,52.0,Missing,,,,,,,,,,
987271395,41.0,52.0,Graded,2022-09-24 23:29:15 -0500,00:00:00,0.0,2.0,10.0,10.0,10.0,0.0,9.0,2.0
484369130,35.5,52.0,Graded,2022-09-24 23:55:17 -0500,00:00:00,2.0,1.0,10.0,8.0,10.0,3.5,4.0,0.0
528167595,52.0,52.0,Graded,2022-09-21 19:56:22 -0500,00:00:00,1.0,1.0,10.0,10.0,10.0,10.0,10.0,2.0
443524764,47.0,52.0,Graded,2022-09-24 23:56:45 -0500,00:00:00,0.0,1.0,10.0,10.0,10.0,8.0,9.0,0.0
173907334,46.5,52.0,Graded,2022-09-24 23:55:14 -0500,00:00:00,0.0,1.0,10.0,8.5,10.0,10.0,6.0,2.0
692457537,,52.0,Missing,,,,,,,,,,
538465676,49.0,52.0,Graded,2022-09-24 23:54:19 -0500,00:00:00,1.0,1.0,10.0,10.0,10.0,10.0,7.0,2.0
265370417,,52.0,Missing,,,,,,,,,,
591072381,50.0,52.0,Graded,2022-09-24 22:03:20 -0500,00:00:00,2.0,1.0,8.0,10.0,10.0,10.0,10.0,2.0
776100277,38.5,52.0,Graded,2022-09-24 22:38:24 -0500,00:00:00,4.0,1.0,10.0,3.5,10.0,10.0,3.0,2.0
903454596,52.0,52.0,Graded,2022-09-24 21:49:26 -0500,00:00:00,0.0,1.0,10.0,10.0,10.0,10.0,10.0,2.0
885343848,48.0,52.0,Graded,2022-09-24 19:07:22 -0500,00:00:00,2.0,1.0,10.0,8.0,10.0,10.0,8.0,2.0
145881787,50.0,52.0,Graded,2022-09-24 18:05:30 -0500,00:00:00,2.0,2.0,9.5,8.5,10.0,10.0,10.0,2.0
486223826,52.0,52.0,Graded,2022-09-20 16:59:38 -0500,00:00:00,1.0,1.0,10.0,10.0,10.0,10.0,10.0,2.0
271449888,,52.0,Missing,,,,,,,,,,
308884206,42.0,52.0,Graded,2022-09-24 22:12:57 -0500,00:00:00,3.0,2.0,8.0,10.0,4.0,10.0,10.0,0.0
605557149,37.5,52.0,Graded,2022-09-24 23:59:01 -0500,00:00:01,4.0,1.0,10.0,8.0,4.5,8.0,7.0,0.0
888839383,42.5,52.0,Graded,2022-09-24 23:09:41 -0500,00:00:00,0.0,1.0,10.0,2.5,10.0,10.0,10.0,0.0
