randNumCol,Total Score,Max Points,Status,Submission Time,Lateness (H:M:S),View Count,Submission Count,1: Q1 (20.0 pts),2.1: 1 (15.0 pts),2.2: 2 (20.0 pts),3.1: 1 (10.0 pts),3.2: 2 (10.0 pts),3.3: 3 (10.0 pts),4.1 (35.0 pts),5: Q5 (30.0 pts)
801925577,134.0,150.0,Graded,2022-10-06 12:23:56 -0500,00:00:00,5.0,1.0,16.0,15.0,15.0,10.0,10.0,4.0,34.0,30.0
262507520,114.0,150.0,Graded,2022-10-06 12:24:21 -0500,00:00:00,12.0,1.0,8.0,15.0,4.0,10.0,10.0,6.0,35.0,26.0
853470508,143.0,150.0,Graded,2022-10-06 12:22:10 -0500,00:00:00,12.0,1.0,16.0,15.0,20.0,10.0,10.0,10.0,32.0,30.0
468287725,136.0,150.0,Graded,2022-10-06 13:36:48 -0500,01:11:48,5.0,1.0,18.0,15.0,20.0,10.0,10.0,6.0,34.0,23.0
966245481,134.0,150.0,Graded,2022-10-06 12:23:27 -0500,00:00:00,3.0,1.0,18.0,15.0,10.0,10.0,6.0,10.0,35.0,30.0
688844688,142.0,150.0,Graded,2022-10-06 12:24:45 -0500,00:00:00,4.0,1.0,18.0,15.0,19.0,9.0,9.0,8.0,35.0,29.0
602558521,133.5,150.0,Graded,2022-10-06 14:41:16 -0500,02:16:16,7.0,1.0,14.0,15.0,20.0,10.0,10.0,8.0,26.5,30.0
728776101,144.0,150.0,Graded,2022-10-06 13:32:00 -0500,01:07:00,14.0,1.0,18.0,15.0,20.0,10.0,10.0,10.0,35.0,26.0
513252691,137.5,150.0,Graded,2022-10-06 12:19:39 -0500,00:00:00,7.0,1.0,18.0,15.0,20.0,10.0,10.0,10.0,28.5,26.0
798694774,138.5,150.0,Graded,2022-10-06 12:11:51 -0500,00:00:00,12.0,1.0,18.0,15.0,20.0,10.0,10.0,4.0,31.5,30.0
880377892,125.5,150.0,Graded,2022-10-06 12:19:45 -0500,00:00:00,3.0,1.0,14.0,15.0,20.0,9.0,9.0,6.0,26.5,26.0
140393680,79.0,150.0,Graded,2022-10-06 12:19:21 -0500,00:00:00,2.0,1.0,14.0,15.0,15.0,10.0,0.0,0.0,0.0,25.0
406982131,147.0,150.0,Graded,2022-10-06 12:22:55 -0500,00:00:00,3.0,3.0,20.0,15.0,20.0,10.0,10.0,10.0,32.0,30.0
631918976,121.5,150.0,Graded,2022-10-06 14:35:06 -0500,02:10:06,6.0,1.0,18.0,15.0,15.0,10.0,10.0,8.0,26.5,19.0
555782827,129.0,150.0,Graded,2022-10-06 12:24:07 -0500,00:00:00,4.0,1.0,16.0,15.0,20.0,9.0,8.0,10.0,25.0,26.0
556717963,146.0,150.0,Graded,2022-10-06 12:21:19 -0500,00:00:00,2.0,1.0,20.0,15.0,20.0,10.0,10.0,10.0,31.0,30.0
213555276,81.5,150.0,Graded,2022-10-06 12:22:44 -0500,00:00:00,0.0,1.0,10.0,12.0,12.0,5.0,7.0,0.0,6.5,29.0
357999413,144.5,150.0,Graded,2022-10-06 12:19:19 -0500,00:00:00,3.0,1.0,20.0,15.0,20.0,10.0,10.0,10.0,32.5,27.0
429099317,108.0,150.0,Graded,2022-10-06 12:24:16 -0500,00:00:00,19.0,1.0,10.0,15.0,10.0,9.0,8.0,4.0,31.0,21.0
429099317,68.0,150.0,Graded,2022-10-06 13:34:27 -0500,01:09:27,0.0,2.0,16.0,15.0,14.0,10.0,8.0,2.0,3.0,0.0
429099317,63.5,150.0,Graded,2022-10-06 18:33:55 -0500,06:08:55,3.0,2.0,2.0,15.0,5.0,5.0,6.0,4.0,7.5,19.0
759999244,108.0,150.0,Graded,2022-10-06 12:24:16 -0500,00:00:00,19.0,1.0,10.0,15.0,10.0,9.0,8.0,4.0,31.0,21.0
759999244,68.0,150.0,Graded,2022-10-06 13:34:27 -0500,01:09:27,0.0,2.0,16.0,15.0,14.0,10.0,8.0,2.0,3.0,0.0
759999244,63.5,150.0,Graded,2022-10-06 18:33:55 -0500,06:08:55,3.0,2.0,2.0,15.0,5.0,5.0,6.0,4.0,7.5,19.0
963037118,108.0,150.0,Graded,2022-10-06 12:24:16 -0500,00:00:00,19.0,1.0,10.0,15.0,10.0,9.0,8.0,4.0,31.0,21.0
963037118,68.0,150.0,Graded,2022-10-06 13:34:27 -0500,01:09:27,0.0,2.0,16.0,15.0,14.0,10.0,8.0,2.0,3.0,0.0
963037118,63.5,150.0,Graded,2022-10-06 18:33:55 -0500,06:08:55,3.0,2.0,2.0,15.0,5.0,5.0,6.0,4.0,7.5,19.0
649911435,108.0,150.0,Graded,2022-10-06 12:24:16 -0500,00:00:00,19.0,1.0,10.0,15.0,10.0,9.0,8.0,4.0,31.0,21.0
649911435,68.0,150.0,Graded,2022-10-06 13:34:27 -0500,01:09:27,0.0,2.0,16.0,15.0,14.0,10.0,8.0,2.0,3.0,0.0
649911435,63.5,150.0,Graded,2022-10-06 18:33:55 -0500,06:08:55,3.0,2.0,2.0,15.0,5.0,5.0,6.0,4.0,7.5,19.0
981776346,108.0,150.0,Graded,2022-10-06 12:24:16 -0500,00:00:00,19.0,1.0,10.0,15.0,10.0,9.0,8.0,4.0,31.0,21.0
981776346,68.0,150.0,Graded,2022-10-06 13:34:27 -0500,01:09:27,0.0,2.0,16.0,15.0,14.0,10.0,8.0,2.0,3.0,0.0
981776346,63.5,150.0,Graded,2022-10-06 18:33:55 -0500,06:08:55,3.0,2.0,2.0,15.0,5.0,5.0,6.0,4.0,7.5,19.0
490690273,108.0,150.0,Graded,2022-10-06 12:24:16 -0500,00:00:00,19.0,1.0,10.0,15.0,10.0,9.0,8.0,4.0,31.0,21.0
490690273,68.0,150.0,Graded,2022-10-06 13:34:27 -0500,01:09:27,0.0,2.0,16.0,15.0,14.0,10.0,8.0,2.0,3.0,0.0
490690273,63.5,150.0,Graded,2022-10-06 18:33:55 -0500,06:08:55,3.0,2.0,2.0,15.0,5.0,5.0,6.0,4.0,7.5,19.0
208303123,108.0,150.0,Graded,2022-10-06 12:24:16 -0500,00:00:00,19.0,1.0,10.0,15.0,10.0,9.0,8.0,4.0,31.0,21.0
208303123,68.0,150.0,Graded,2022-10-06 13:34:27 -0500,01:09:27,0.0,2.0,16.0,15.0,14.0,10.0,8.0,2.0,3.0,0.0
208303123,63.5,150.0,Graded,2022-10-06 18:33:55 -0500,06:08:55,3.0,2.0,2.0,15.0,5.0,5.0,6.0,4.0,7.5,19.0
215542326,141.0,150.0,Graded,2022-10-06 12:24:22 -0500,00:00:00,17.0,1.0,18.0,15.0,20.0,10.0,10.0,8.0,31.0,29.0
683714891,113.0,150.0,Graded,2022-10-06 12:19:31 -0500,00:00:00,4.0,1.0,8.0,12.0,14.0,10.0,10.0,10.0,20.0,29.0
450938085,122.0,150.0,Graded,2022-10-06 12:20:53 -0500,00:00:00,1.0,1.0,18.0,15.0,20.0,10.0,10.0,6.0,16.0,27.0
791013869,141.5,150.0,Graded,2022-10-06 12:21:42 -0500,00:00:00,5.0,1.0,14.0,15.0,20.0,10.0,10.0,10.0,33.5,29.0
431330025,122.0,150.0,Graded,2022-10-06 12:25:57 -0500,00:00:57,3.0,1.0,20.0,15.0,20.0,10.0,10.0,10.0,22.0,15.0
538294395,142.5,150.0,Graded,2022-10-06 12:21:22 -0500,00:00:00,3.0,1.0,20.0,15.0,20.0,10.0,10.0,8.0,34.5,25.0
144202762,82.0,150.0,Graded,2022-10-06 13:01:39 -0500,00:36:39,6.0,1.0,16.0,15.0,12.0,5.0,6.0,4.0,0.0,24.0
513504661,91.0,150.0,Graded,2022-10-06 13:40:05 -0500,01:15:05,2.0,2.0,6.0,15.0,12.0,10.0,8.0,10.0,10.0,20.0
519550803,138.0,150.0,Graded,2022-10-06 14:02:40 -0500,01:37:40,3.0,1.0,16.0,15.0,20.0,10.0,10.0,10.0,30.0,27.0
482212493,123.5,150.0,Graded,2022-10-06 12:28:20 -0500,00:03:20,4.0,1.0,10.0,15.0,19.0,10.0,10.0,8.0,26.5,25.0
647038181,145.5,150.0,Graded,2022-10-06 12:18:04 -0500,00:00:00,5.0,1.0,20.0,15.0,20.0,10.0,10.0,8.0,32.5,30.0
846403629,145.0,150.0,Graded,2022-10-06 12:23:58 -0500,00:00:00,1.0,1.0,18.0,15.0,20.0,10.0,10.0,10.0,33.0,29.0
586062294,142.0,150.0,Graded,2022-10-06 12:19:51 -0500,00:00:00,2.0,1.0,20.0,15.0,20.0,10.0,10.0,10.0,32.0,25.0
884195403,123.0,150.0,Graded,2022-10-06 13:25:42 -0500,01:00:42,2.0,1.0,12.0,15.0,15.0,10.0,10.0,6.0,25.0,30.0
996805395,133.0,150.0,Graded,2022-10-06 12:18:43 -0500,00:00:00,5.0,1.0,18.0,15.0,15.0,10.0,8.0,10.0,31.0,26.0
981630158,132.0,150.0,Graded,2022-10-06 12:09:40 -0500,00:00:00,4.0,1.0,18.0,15.0,20.0,10.0,10.0,4.0,25.0,30.0
868686594,139.5,150.0,Graded,2022-10-06 12:23:23 -0500,00:00:00,4.0,1.0,20.0,15.0,20.0,10.0,10.0,6.0,34.5,24.0
891283532,126.5,150.0,Graded,2022-10-06 12:25:37 -0500,00:00:37,2.0,2.0,16.0,15.0,15.0,10.0,10.0,10.0,24.5,26.0
757443096,89.0,150.0,Graded,2022-10-06 13:27:05 -0500,01:02:05,5.0,2.0,8.0,15.0,10.0,10.0,10.0,0.0,31.0,5.0
915625252,117.5,150.0,Graded,2022-10-06 12:18:56 -0500,00:00:00,6.0,1.0,12.0,15.0,15.0,10.0,10.0,10.0,23.5,22.0
887196036,56.0,150.0,Graded,2022-10-06 12:22:13 -0500,00:00:00,1.0,1.0,10.0,15.0,2.0,10.0,5.0,6.0,8.0,0.0
853643793,123.0,150.0,Graded,2022-10-06 12:17:33 -0500,00:00:00,7.0,1.0,8.0,15.0,19.0,9.0,8.0,10.0,30.0,24.0
367453952,135.0,150.0,Graded,2022-10-06 12:26:40 -0500,00:01:40,6.0,1.0,18.0,15.0,20.0,10.0,10.0,10.0,31.0,21.0
581792455,135.5,150.0,Graded,2022-10-06 14:32:41 -0500,02:07:41,3.0,1.0,18.0,15.0,20.0,10.0,10.0,10.0,23.5,29.0
102509560,140.0,150.0,Graded,2022-10-06 12:20:41 -0500,00:00:00,6.0,1.0,20.0,15.0,20.0,10.0,10.0,10.0,25.0,30.0
604704694,101.0,150.0,Graded,2022-10-06 12:26:57 -0500,00:01:57,1.0,1.0,10.0,15.0,10.0,10.0,10.0,8.0,14.0,24.0
860075746,130.0,150.0,Graded,2022-10-06 12:20:22 -0500,00:00:00,4.0,1.0,14.0,15.0,20.0,5.0,10.0,10.0,27.0,29.0
351876097,115.0,150.0,Graded,2022-10-06 12:22:47 -0500,00:00:00,1.0,1.0,18.0,15.0,20.0,10.0,0.0,0.0,25.0,27.0
196938750,148.0,150.0,Graded,2022-10-06 12:29:11 -0500,00:04:11,3.0,1.0,18.0,15.0,20.0,10.0,10.0,10.0,35.0,30.0
208887130,106.0,150.0,Graded,2022-10-06 13:22:38 -0500,00:57:38,3.0,1.0,14.0,15.0,19.0,5.0,7.0,4.0,26.0,16.0
304646933,94.0,150.0,Graded,2022-10-06 14:43:33 -0500,02:18:33,1.0,1.0,14.0,15.0,15.0,10.0,10.0,10.0,7.0,13.0
718604469,139.0,150.0,Graded,2022-10-06 14:45:09 -0500,02:20:09,7.0,1.0,18.0,15.0,20.0,10.0,10.0,6.0,31.0,29.0
722247081,115.5,150.0,Graded,2022-10-06 12:18:19 -0500,00:00:00,6.0,1.0,12.0,14.0,18.0,10.0,10.0,4.0,21.5,26.0
817205605,142.5,150.0,Graded,2022-10-06 12:20:53 -0500,00:00:00,2.0,1.0,18.0,15.0,20.0,10.0,10.0,8.0,31.5,30.0
611518158,133.5,150.0,Graded,2022-10-06 12:27:16 -0500,00:02:16,8.0,1.0,18.0,15.0,20.0,10.0,10.0,10.0,20.5,30.0
177697048,118.5,150.0,Graded,2022-10-06 12:18:29 -0500,00:00:00,3.0,1.0,12.0,15.0,20.0,10.0,10.0,9.0,18.5,24.0
616967158,137.5,150.0,Graded,2022-10-06 12:25:28 -0500,00:00:28,4.0,2.0,18.0,15.0,15.0,10.0,10.0,10.0,30.5,29.0
315653647,109.5,150.0,Graded,2022-10-06 12:22:11 -0500,00:00:00,1.0,1.0,10.0,15.0,10.0,10.0,10.0,10.0,20.5,24.0
358296522,115.0,150.0,Graded,2022-10-06 12:24:24 -0500,00:00:00,2.0,1.0,12.0,15.0,20.0,10.0,10.0,10.0,19.0,19.0
677646110,150.0,150.0,Graded,2022-10-06 12:18:15 -0500,00:00:00,2.0,1.0,20.0,15.0,20.0,10.0,10.0,10.0,35.0,30.0
739727903,134.5,150.0,Graded,2022-10-06 13:20:21 -0500,00:55:21,4.0,1.0,12.0,15.0,20.0,10.0,10.0,10.0,30.5,27.0
239830252,118.5,150.0,Graded,2022-10-06 13:33:25 -0500,01:08:25,0.0,1.0,16.0,15.0,10.0,10.0,10.0,10.0,27.5,20.0
236845553,143.5,150.0,Graded,2022-10-06 18:19:59 -0500,05:54:59,10.0,1.0,14.0,15.0,20.0,10.0,10.0,10.0,34.5,30.0
819905544,90.5,150.0,Graded,2022-10-06 12:21:52 -0500,00:00:00,1.0,1.0,8.0,14.0,10.0,10.0,10.0,4.0,9.5,25.0
718982500,146.5,150.0,Graded,2022-10-06 12:25:57 -0500,00:00:57,1.0,1.0,18.0,15.0,20.0,10.0,10.0,10.0,34.5,29.0
393009742,125.5,150.0,Graded,2022-10-06 12:23:18 -0500,00:00:00,4.0,1.0,14.0,15.0,20.0,10.0,10.0,4.0,26.5,26.0
695607399,126.5,150.0,Graded,2022-10-06 13:04:46 -0500,00:39:46,4.0,1.0,8.0,15.0,20.0,9.0,9.0,10.0,31.5,24.0
426006334,124.5,150.0,Graded,2022-10-06 12:23:13 -0500,00:00:00,9.0,1.0,10.0,15.0,19.0,9.0,9.0,8.0,32.5,22.0
815373712,134.0,150.0,Graded,2022-10-06 12:16:52 -0500,00:00:00,1.0,1.0,18.0,15.0,15.0,10.0,10.0,8.0,32.0,26.0
757899821,125.0,150.0,Graded,2022-10-06 13:34:18 -0500,01:09:18,1.0,1.0,16.0,15.0,19.0,10.0,10.0,8.0,24.0,23.0
321265210,134.0,150.0,Graded,2022-10-06 12:25:43 -0500,00:00:43,2.0,1.0,10.0,15.0,20.0,10.0,10.0,10.0,31.0,28.0
362394432,126.5,150.0,Graded,2022-10-06 12:23:36 -0500,00:00:00,3.0,1.0,14.0,15.0,18.0,10.0,10.0,10.0,25.5,24.0
883116166,100.0,150.0,Graded,2022-10-06 12:21:56 -0500,00:00:00,3.0,1.0,10.0,15.0,7.0,10.0,5.0,2.0,27.0,24.0
293581171,143.0,150.0,Graded,2022-10-06 12:15:29 -0500,00:00:00,3.0,1.0,20.0,15.0,18.0,10.0,10.0,10.0,30.0,30.0
381118522,111.0,150.0,Graded,2022-10-06 12:22:28 -0500,00:00:00,2.0,1.0,4.0,15.0,5.0,10.0,10.0,9.0,31.0,27.0
317104199,98.5,150.0,Graded,2022-10-06 12:21:24 -0500,00:00:00,3.0,1.0,10.0,15.0,18.0,10.0,6.0,2.0,11.5,26.0
466291288,125.0,150.0,Graded,2022-10-06 12:19:44 -0500,00:00:00,8.0,1.0,14.0,15.0,15.0,10.0,10.0,6.0,28.0,27.0
844164199,128.5,150.0,Graded,2022-10-06 12:24:50 -0500,00:00:00,6.0,1.0,14.0,15.0,20.0,10.0,10.0,6.0,23.5,30.0
578891403,52.0,150.0,Graded,2022-10-06 13:32:50 -0500,01:07:50,3.0,2.0,8.0,15.0,0.0,10.0,0.0,0.0,19.0,0.0
558375823,135.0,150.0,Graded,2022-10-06 12:13:55 -0500,00:00:00,7.0,1.0,18.0,15.0,20.0,10.0,10.0,8.0,28.0,26.0
287568073,147.0,150.0,Graded,2022-10-06 12:24:42 -0500,00:00:00,2.0,1.0,18.0,15.0,20.0,10.0,10.0,10.0,34.0,30.0
709735325,38.0,150.0,Graded,2022-10-06 12:18:45 -0500,00:00:00,2.0,1.0,10.0,15.0,0.0,5.0,8.0,0.0,0.0,0.0
287712537,106.0,150.0,Graded,2022-10-06 12:21:15 -0500,00:00:00,3.0,1.0,12.0,15.0,13.0,10.0,10.0,10.0,13.0,23.0
496648192,150.0,150.0,Graded,2022-10-06 12:26:15 -0500,00:01:15,4.0,2.0,20.0,15.0,20.0,10.0,10.0,10.0,35.0,30.0
139056282,99.0,150.0,Graded,2022-10-06 14:30:28 -0500,02:05:28,0.0,1.0,8.0,14.0,15.0,10.0,10.0,8.0,5.0,29.0
968248176,125.0,150.0,Graded,2022-10-06 12:51:03 -0500,00:26:03,2.0,1.0,18.0,15.0,20.0,10.0,5.0,8.0,22.0,27.0
744337479,149.5,150.0,Graded,2022-10-06 12:25:15 -0500,00:00:15,2.0,1.0,20.0,15.0,20.0,10.0,10.0,10.0,34.5,30.0
105324844,114.0,150.0,Graded,2022-10-06 12:17:44 -0500,00:00:00,1.0,1.0,12.0,15.0,15.0,10.0,10.0,6.0,19.0,27.0
484405746,97.5,150.0,Graded,2022-10-06 14:41:56 -0500,02:16:56,6.0,1.0,8.0,15.0,15.0,10.0,10.0,0.0,14.5,25.0
943661848,127.5,150.0,Graded,2022-10-06 12:20:38 -0500,00:00:00,2.0,1.0,18.0,15.0,20.0,10.0,10.0,8.0,20.5,26.0
359759230,126.5,150.0,Graded,2022-10-06 13:51:47 -0500,01:26:47,2.0,1.0,18.0,15.0,20.0,10.0,10.0,6.0,20.5,27.0
442821320,102.0,150.0,Graded,2022-10-06 12:24:08 -0500,00:00:00,7.0,1.0,10.0,15.0,15.0,10.0,10.0,10.0,11.0,21.0
963746914,105.0,150.0,Graded,2022-10-06 13:47:57 -0500,01:22:57,5.0,2.0,6.0,15.0,5.0,10.0,10.0,10.0,27.0,22.0
410273349,134.0,150.0,Graded,2022-10-06 13:55:08 -0500,01:30:08,2.0,1.0,18.0,15.0,20.0,5.0,7.0,8.0,31.0,30.0
928986287,133.5,150.0,Graded,2022-10-06 12:21:48 -0500,00:00:00,1.0,1.0,20.0,15.0,15.0,9.0,9.0,6.0,29.5,30.0
411913399,81.0,150.0,Graded,2022-10-06 12:23:43 -0500,00:00:00,2.0,1.0,18.0,15.0,20.0,10.0,10.0,8.0,0.0,0.0
717283131,115.5,150.0,Graded,2022-10-06 12:22:53 -0500,00:00:00,7.0,1.0,14.0,15.0,10.0,10.0,10.0,10.0,19.5,27.0
889941393,143.0,150.0,Graded,2022-10-06 12:15:32 -0500,00:00:00,3.0,1.0,18.0,15.0,20.0,10.0,10.0,10.0,30.0,30.0
788596770,136.0,150.0,Graded,2022-10-06 12:22:50 -0500,00:00:00,5.0,1.0,18.0,15.0,15.0,10.0,10.0,6.0,32.0,30.0
941280573,131.5,150.0,Graded,2022-10-06 12:21:24 -0500,00:00:00,2.0,1.0,20.0,15.0,20.0,10.0,10.0,2.0,27.5,27.0
250884994,145.0,150.0,Graded,2022-10-06 12:18:09 -0500,00:00:00,4.0,1.0,18.0,15.0,20.0,10.0,10.0,10.0,35.0,27.0
719711907,141.0,150.0,Graded,2022-10-06 12:13:03 -0500,00:00:00,3.0,1.0,20.0,15.0,15.0,10.0,10.0,10.0,35.0,26.0
118397071,75.0,150.0,Graded,2022-10-06 12:24:29 -0500,00:00:00,4.0,1.0,4.0,15.0,15.0,5.0,6.0,0.0,13.0,17.0
888606400,71.0,150.0,Graded,2022-10-06 12:19:30 -0500,00:00:00,3.0,1.0,10.0,15.0,8.0,10.0,10.0,10.0,8.0,0.0
193781663,113.0,150.0,Graded,2022-10-06 13:13:12 -0500,00:48:12,2.0,2.0,20.0,15.0,12.0,10.0,10.0,4.0,30.0,12.0
236595923,139.0,150.0,Graded,2022-10-06 12:21:01 -0500,00:00:00,5.0,1.0,16.0,15.0,20.0,10.0,10.0,6.0,34.0,28.0
464591232,139.5,150.0,Graded,2022-10-06 12:26:09 -0500,00:01:09,0.0,1.0,18.0,15.0,19.0,10.0,10.0,4.0,34.5,29.0
718131231,133.0,150.0,Graded,2022-10-06 12:19:48 -0500,00:00:00,3.0,1.0,16.0,15.0,20.0,10.0,10.0,4.0,31.0,27.0
138190992,148.0,150.0,Graded,2022-10-06 12:27:31 -0500,00:02:31,3.0,1.0,18.0,15.0,20.0,10.0,10.0,10.0,35.0,30.0
188148399,103.0,150.0,Graded,2022-10-06 12:16:43 -0500,00:00:00,4.0,1.0,14.0,15.0,7.0,10.0,10.0,9.0,17.0,21.0
258815820,136.0,150.0,Graded,2022-10-06 12:24:43 -0500,00:00:00,2.0,1.0,20.0,15.0,20.0,10.0,10.0,10.0,25.0,26.0
177969362,129.0,150.0,Graded,2022-10-06 12:20:05 -0500,00:00:00,3.0,1.0,8.0,15.0,12.0,10.0,10.0,10.0,34.0,30.0
200495348,135.5,150.0,Graded,2022-10-06 12:19:45 -0500,00:00:00,2.0,2.0,16.0,15.0,20.0,10.0,9.0,4.0,31.5,30.0
228387210,137.0,150.0,Graded,2022-10-06 13:39:40 -0500,01:14:40,5.0,2.0,18.0,15.0,15.0,10.0,10.0,10.0,35.0,24.0
177538742,88.5,150.0,Graded,2022-10-06 13:15:59 -0500,00:50:59,8.0,1.0,8.0,15.0,5.0,10.0,10.0,8.0,11.5,21.0
251182625,121.0,150.0,Graded,2022-10-06 14:29:54 -0500,02:04:54,6.0,1.0,18.0,10.0,12.0,5.0,10.0,6.0,34.0,26.0
897003650,82.5,150.0,Graded,2022-10-06 12:29:31 -0500,00:04:31,5.0,1.0,2.0,15.0,12.0,10.0,8.0,4.0,11.5,20.0
851445222,113.0,150.0,Graded,2022-10-06 12:23:13 -0500,00:00:00,4.0,1.0,14.0,15.0,20.0,10.0,8.0,0.0,22.0,24.0
980531633,124.0,150.0,Graded,2022-10-06 14:38:39 -0500,02:13:39,3.0,1.0,14.0,15.0,20.0,10.0,5.0,6.0,28.0,26.0
857674188,138.0,150.0,Graded,2022-10-06 12:19:57 -0500,00:00:00,2.0,1.0,18.0,15.0,20.0,10.0,6.0,6.0,34.0,29.0
636016277,121.0,150.0,Graded,2022-10-06 12:21:40 -0500,00:00:00,1.0,1.0,8.0,15.0,19.0,10.0,10.0,8.0,28.0,23.0
754161398,42.0,150.0,Graded,2022-10-06 12:20:42 -0500,00:00:00,1.0,1.0,6.0,15.0,0.0,0.0,0.0,0.0,0.0,21.0
488411601,82.5,150.0,Graded,2022-10-06 13:16:36 -0500,00:51:36,1.0,1.0,6.0,15.0,0.0,9.0,9.0,4.0,14.5,25.0
722597200,120.5,150.0,Graded,2022-10-06 12:18:40 -0500,00:00:00,4.0,1.0,14.0,15.0,20.0,10.0,10.0,10.0,19.5,22.0
147623686,92.5,150.0,Graded,2022-10-06 12:21:58 -0500,00:00:00,11.0,1.0,14.0,15.0,15.0,10.0,0.0,0.0,21.5,17.0
549089373,121.0,150.0,Graded,2022-10-06 12:18:31 -0500,00:00:00,4.0,1.0,14.0,15.0,20.0,10.0,10.0,8.0,30.0,14.0
706103987,137.5,150.0,Graded,2022-10-06 13:49:16 -0500,01:24:16,2.0,1.0,20.0,15.0,20.0,10.0,10.0,10.0,26.5,26.0
974175861,136.0,150.0,Graded,2022-10-06 13:28:11 -0500,01:03:11,5.0,1.0,16.0,15.0,14.0,10.0,10.0,10.0,34.0,27.0
341083491,94.0,150.0,Graded,2022-10-06 12:27:45 -0500,00:02:45,1.0,1.0,8.0,12.0,20.0,5.0,6.0,0.0,14.0,29.0
564894421,69.0,150.0,Graded,2022-10-06 12:26:46 -0500,00:01:46,4.0,1.0,8.0,11.0,8.0,10.0,10.0,10.0,0.0,12.0
496833752,133.5,150.0,Graded,2022-10-06 12:25:01 -0500,00:00:01,3.0,2.0,20.0,10.0,19.0,10.0,10.0,5.0,29.5,30.0
881416106,121.5,150.0,Graded,2022-10-06 12:49:53 -0500,00:24:53,1.0,1.0,8.0,15.0,15.0,9.0,7.0,10.0,31.5,26.0
781669299,121.5,150.0,Graded,2022-10-06 12:49:53 -0500,00:24:53,1.0,1.0,8.0,15.0,15.0,9.0,7.0,10.0,31.5,26.0
119077366,150.0,150.0,Graded,2022-10-06 12:18:17 -0500,00:00:00,2.0,1.0,20.0,15.0,20.0,10.0,10.0,10.0,35.0,30.0
834807552,144.5,150.0,Graded,2022-10-06 12:21:00 -0500,00:00:00,4.0,2.0,20.0,15.0,20.0,10.0,10.0,10.0,30.5,29.0
307090791,127.5,150.0,Graded,2022-10-06 12:57:33 -0500,00:32:33,8.0,1.0,12.0,15.0,20.0,10.0,10.0,10.0,21.5,29.0
540669649,129.0,150.0,Graded,2022-10-06 12:22:20 -0500,00:00:00,5.0,1.0,16.0,15.0,20.0,10.0,10.0,10.0,27.0,21.0
994769592,114.0,150.0,Graded,2022-10-06 12:22:36 -0500,00:00:00,0.0,1.0,18.0,15.0,20.0,10.0,10.0,8.0,7.0,26.0
936606317,146.5,150.0,Graded,2022-10-06 12:23:23 -0500,00:00:00,4.0,1.0,20.0,15.0,20.0,10.0,10.0,8.0,34.5,29.0
535181971,84.0,150.0,Graded,2022-10-06 12:21:26 -0500,00:00:00,3.0,1.0,8.0,15.0,12.0,10.0,10.0,8.0,0.0,21.0
265576960,134.0,150.0,Graded,2022-10-06 12:19:01 -0500,00:00:00,6.0,1.0,16.0,15.0,20.0,10.0,10.0,6.0,30.0,27.0
706684758,134.5,150.0,Graded,2022-10-06 12:24:25 -0500,00:00:00,7.0,1.0,18.0,15.0,15.0,10.0,8.0,10.0,29.5,29.0
262076393,108.0,150.0,Graded,2022-10-06 12:19:42 -0500,00:00:00,4.0,1.0,6.0,12.0,20.0,10.0,5.0,2.0,27.0,26.0
529096059,115.0,150.0,Graded,2022-10-06 13:15:14 -0500,00:50:14,4.0,1.0,12.0,10.0,15.0,10.0,10.0,8.0,28.0,22.0
831110918,108.5,150.0,Graded,2022-10-06 12:21:57 -0500,00:00:00,4.0,1.0,8.0,15.0,15.0,10.0,10.0,4.0,20.5,26.0
499452888,115.0,150.0,Graded,2022-10-06 14:37:05 -0500,02:12:05,8.0,1.0,18.0,15.0,7.0,10.0,10.0,8.0,26.0,21.0
305089579,118.5,150.0,Graded,2022-10-06 12:19:58 -0500,00:00:00,7.0,1.0,14.0,15.0,10.0,10.0,10.0,10.0,28.5,21.0
800103092,126.0,150.0,Graded,2022-10-06 12:25:36 -0500,00:00:36,2.0,1.0,8.0,14.0,19.0,10.0,10.0,8.0,28.0,29.0
226714695,150.0,150.0,Graded,2022-10-06 12:20:49 -0500,00:00:00,1.0,1.0,20.0,15.0,20.0,10.0,10.0,10.0,35.0,30.0
382807776,70.0,150.0,Graded,2022-10-06 12:24:18 -0500,00:00:00,1.0,1.0,12.0,15.0,10.0,10.0,10.0,2.0,0.0,11.0
538095794,141.0,150.0,Graded,2022-10-06 12:18:18 -0500,00:00:00,9.0,1.0,20.0,15.0,20.0,10.0,10.0,8.0,34.0,24.0
391282183,132.0,150.0,Graded,2022-10-06 12:26:45 -0500,00:01:45,4.0,1.0,16.0,15.0,15.0,10.0,10.0,10.0,30.0,26.0
761663525,132.0,150.0,Graded,2022-10-06 12:21:16 -0500,00:00:00,2.0,1.0,12.0,15.0,20.0,10.0,10.0,10.0,32.0,23.0
158082447,133.0,150.0,Graded,2022-10-06 12:27:22 -0500,00:02:22,3.0,1.0,18.0,15.0,15.0,10.0,10.0,8.0,28.0,29.0
654272102,77.5,150.0,Graded,2022-10-06 12:25:22 -0500,00:00:22,3.0,1.0,6.0,15.0,10.0,5.0,8.0,2.0,11.5,20.0
242433745,99.0,150.0,Graded,2022-10-06 12:17:51 -0500,00:00:00,5.0,1.0,8.0,14.0,15.0,10.0,10.0,6.0,6.0,30.0
748668207,104.0,150.0,Graded,2022-10-06 16:38:31 -0500,04:13:31,1.0,2.0,8.0,15.0,11.0,10.0,10.0,4.0,32.0,14.0
416498814,130.0,150.0,Graded,2022-10-06 12:24:11 -0500,00:00:00,5.0,1.0,20.0,15.0,12.0,10.0,10.0,8.0,29.0,26.0
714416096,133.0,150.0,Graded,2022-10-06 12:23:51 -0500,00:00:00,4.0,1.0,14.0,15.0,20.0,10.0,10.0,10.0,29.0,25.0
803783009,145.0,150.0,Graded,2022-10-06 12:07:24 -0500,00:00:00,4.0,1.0,20.0,15.0,20.0,10.0,10.0,8.0,35.0,27.0
422591545,119.5,150.0,Graded,2022-10-06 12:15:44 -0500,00:00:00,3.0,1.0,16.0,15.0,15.0,10.0,10.0,6.0,17.5,30.0
979704902,100.0,150.0,Graded,2022-10-06 13:46:10 -0500,01:21:10,3.0,1.0,16.0,15.0,10.0,10.0,10.0,4.0,12.0,23.0
526557461,70.5,150.0,Graded,2022-10-06 12:19:43 -0500,00:00:00,2.0,1.0,10.0,15.0,0.0,5.0,10.0,4.0,14.5,12.0
599867770,108.5,150.0,Graded,2022-10-06 12:20:35 -0500,00:00:00,1.0,1.0,18.0,15.0,20.0,10.0,5.0,8.0,11.5,21.0
918749665,73.0,150.0,Graded,2022-10-06 12:20:44 -0500,00:00:00,2.0,1.0,12.0,15.0,20.0,10.0,8.0,8.0,0.0,0.0
959883566,140.5,150.0,Graded,2022-10-06 12:22:38 -0500,00:00:00,3.0,1.0,18.0,15.0,20.0,10.0,10.0,4.0,33.5,30.0
597567139,116.5,150.0,Graded,2022-10-06 12:25:30 -0500,00:00:30,3.0,1.0,14.0,15.0,14.0,10.0,10.0,10.0,18.5,25.0
103516833,120.0,150.0,Graded,2022-10-06 12:24:43 -0500,00:00:00,3.0,1.0,14.0,15.0,10.0,10.0,10.0,6.0,29.0,26.0
992611871,131.0,150.0,Graded,2022-10-06 12:25:55 -0500,00:00:55,3.0,1.0,16.0,15.0,20.0,9.0,9.0,10.0,28.0,24.0
583945776,130.5,150.0,Graded,2022-10-06 12:24:15 -0500,00:00:00,7.0,1.0,14.0,15.0,15.0,10.0,10.0,10.0,34.5,22.0
468351365,136.0,150.0,Graded,2022-10-06 12:21:14 -0500,00:00:00,5.0,1.0,14.0,15.0,20.0,10.0,10.0,10.0,30.0,27.0
829757696,124.5,150.0,Graded,2022-10-06 12:23:14 -0500,00:00:00,3.0,1.0,16.0,15.0,10.0,10.0,10.0,8.0,30.5,25.0
828110959,113.0,150.0,Graded,2022-10-06 12:23:18 -0500,00:00:00,2.0,1.0,10.0,15.0,15.0,10.0,10.0,4.0,22.0,27.0
818120983,141.0,150.0,Graded,2022-10-06 12:22:30 -0500,00:00:00,3.0,1.0,18.0,15.0,20.0,10.0,10.0,10.0,34.0,24.0
122086878,93.0,150.0,Graded,2022-10-06 12:23:20 -0500,00:00:00,3.0,1.0,16.0,15.0,10.0,10.0,8.0,2.0,8.0,24.0
992179622,94.5,150.0,Graded,2022-10-06 12:19:47 -0500,00:00:00,6.0,1.0,14.0,0.0,10.0,10.0,10.0,10.0,14.5,26.0
580872504,121.5,150.0,Graded,2022-10-06 12:23:29 -0500,00:00:00,3.0,1.0,12.0,15.0,10.0,10.0,10.0,10.0,34.5,20.0
340015460,133.5,150.0,Graded,2022-10-06 12:19:23 -0500,00:00:00,6.0,1.0,14.0,15.0,20.0,10.0,10.0,8.0,27.5,29.0
315771604,60.0,150.0,Graded,2022-10-06 13:50:06 -0500,01:25:06,1.0,1.0,10.0,15.0,5.0,10.0,10.0,0.0,10.0,0.0
287997147,125.0,150.0,Graded,2022-10-06 13:24:30 -0500,00:59:30,16.0,1.0,14.0,15.0,13.0,10.0,10.0,8.0,31.0,24.0
174700007,25.0,150.0,Graded,2022-10-06 13:37:31 -0500,01:12:31,4.0,2.0,10.0,10.0,5.0,0.0,0.0,0.0,0.0,0.0
934612942,133.0,150.0,Graded,2022-10-06 12:16:56 -0500,00:00:00,5.0,1.0,18.0,12.0,20.0,9.0,9.0,6.0,32.0,27.0
237280992,147.5,150.0,Graded,2022-10-06 12:19:26 -0500,00:00:00,4.0,1.0,20.0,15.0,20.0,10.0,10.0,10.0,32.5,30.0
587634781,128.5,150.0,Graded,2022-10-06 12:18:19 -0500,00:00:00,6.0,1.0,18.0,15.0,15.0,10.0,10.0,6.0,28.5,26.0
734458226,123.5,150.0,Graded,2022-10-06 12:22:09 -0500,00:00:00,6.0,2.0,14.0,14.0,20.0,10.0,10.0,6.0,26.5,23.0
286960191,136.0,150.0,Graded,2022-10-06 13:31:04 -0500,01:06:04,2.0,1.0,18.0,14.0,20.0,10.0,9.0,4.0,35.0,26.0
807600492,106.5,150.0,Graded,2022-10-06 14:39:44 -0500,02:14:44,0.0,1.0,12.0,15.0,15.0,10.0,10.0,10.0,13.5,21.0
915813150,146.5,150.0,Graded,2022-10-06 12:13:17 -0500,00:00:00,2.0,1.0,20.0,15.0,20.0,10.0,10.0,10.0,31.5,30.0
944383529,135.5,150.0,Graded,2022-10-06 12:24:56 -0500,00:00:00,3.0,1.0,16.0,15.0,10.0,10.0,10.0,10.0,34.5,30.0
114562364,140.5,150.0,Graded,2022-10-06 12:16:55 -0500,00:00:00,1.0,1.0,18.0,15.0,15.0,10.0,10.0,10.0,33.5,29.0
995177563,116.5,150.0,Graded,2022-10-06 12:23:01 -0500,00:00:00,4.0,1.0,8.0,14.0,19.0,10.0,8.0,0.0,31.5,26.0
827900608,112.0,150.0,Graded,2022-10-06 12:27:08 -0500,00:02:08,2.0,1.0,12.0,12.0,5.0,10.0,10.0,10.0,24.0,29.0
328478800,140.5,150.0,Graded,2022-10-06 13:45:03 -0500,01:20:03,3.0,3.0,16.0,15.0,20.0,10.0,10.0,8.0,31.5,30.0
606523192,107.0,150.0,Graded,2022-10-06 14:42:41 -0500,02:17:41,2.0,2.0,8.0,15.0,15.0,10.0,10.0,4.0,30.0,15.0
909619050,79.0,150.0,Graded,2022-10-06 13:40:31 -0500,01:15:31,1.0,1.0,12.0,15.0,10.0,10.0,10.0,10.0,0.0,12.0
148568617,122.5,150.0,Graded,2022-10-06 12:19:34 -0500,00:00:00,4.0,1.0,10.0,15.0,14.0,10.0,10.0,10.0,24.5,29.0
654614175,142.0,150.0,Graded,2022-10-06 13:48:49 -0500,01:23:49,4.0,1.0,18.0,15.0,15.0,10.0,10.0,10.0,34.0,30.0
829664514,101.0,150.0,Graded,2022-10-06 12:25:19 -0500,00:00:19,4.0,2.0,12.0,15.0,8.0,10.0,8.0,6.0,20.0,22.0
803321204,144.0,150.0,Graded,2022-10-06 12:21:11 -0500,00:00:00,2.0,2.0,18.0,15.0,20.0,10.0,10.0,10.0,32.0,29.0
287532404,143.0,150.0,Graded,2022-10-06 12:24:06 -0500,00:00:00,1.0,1.0,20.0,15.0,20.0,10.0,10.0,10.0,28.0,30.0
604876819,106.5,150.0,Graded,2022-10-06 12:24:17 -0500,00:00:00,4.0,1.0,8.0,15.0,15.0,10.0,8.0,2.0,22.5,26.0
251388393,130.0,150.0,Graded,2022-10-06 12:21:29 -0500,00:00:00,2.0,1.0,20.0,15.0,15.0,10.0,10.0,8.0,25.0,27.0
549851463,147.0,150.0,Graded,2022-10-06 12:20:05 -0500,00:00:00,3.0,1.0,20.0,15.0,18.0,10.0,10.0,10.0,35.0,29.0
802011554,125.5,150.0,Graded,2022-10-06 12:19:12 -0500,00:00:00,5.0,1.0,18.0,15.0,15.0,5.0,8.0,4.0,31.5,29.0
635747278,110.5,150.0,Graded,2022-10-06 12:20:41 -0500,00:00:00,2.0,1.0,14.0,14.0,14.0,5.0,6.0,8.0,28.5,21.0
827611327,137.5,150.0,Graded,2022-10-06 12:19:57 -0500,00:00:00,3.0,1.0,18.0,15.0,19.0,10.0,10.0,10.0,28.5,27.0
981101538,104.5,150.0,Graded,2022-10-06 12:24:09 -0500,00:00:00,2.0,1.0,16.0,15.0,10.0,10.0,10.0,10.0,9.5,24.0
987928730,121.5,150.0,Graded,2022-10-06 12:22:55 -0500,00:00:00,1.0,1.0,18.0,15.0,15.0,9.0,9.0,10.0,16.5,29.0
200028206,81.5,150.0,Graded,2022-10-06 12:29:01 -0500,00:04:01,5.0,2.0,16.0,10.0,11.0,10.0,10.0,2.0,22.5,0.0
367317839,150.0,150.0,Graded,2022-10-06 12:17:16 -0500,00:00:00,1.0,1.0,20.0,15.0,20.0,10.0,10.0,10.0,35.0,30.0
724100099,73.5,150.0,Graded,2022-10-06 12:24:06 -0500,00:00:00,1.0,1.0,6.0,14.0,2.0,10.0,8.0,10.0,1.5,22.0
155851248,109.0,150.0,Graded,2022-10-06 12:23:48 -0500,00:00:00,1.0,1.0,14.0,15.0,15.0,10.0,10.0,8.0,18.0,19.0
320001219,121.0,150.0,Graded,2022-10-06 12:17:57 -0500,00:00:00,7.0,1.0,12.0,15.0,20.0,5.0,10.0,4.0,28.0,27.0
806095004,112.0,150.0,Graded,2022-10-06 12:25:39 -0500,00:00:39,0.0,1.0,14.0,15.0,15.0,10.0,10.0,0.0,19.0,29.0
794981163,136.5,150.0,Graded,2022-10-06 12:18:48 -0500,00:00:00,2.0,1.0,18.0,15.0,20.0,10.0,10.0,6.0,31.5,26.0
912932855,143.0,150.0,Graded,2022-10-06 12:22:32 -0500,00:00:00,1.0,1.0,20.0,15.0,14.0,10.0,10.0,10.0,35.0,29.0
500762519,131.5,150.0,Graded,2022-10-06 13:03:38 -0500,00:38:38,4.0,1.0,16.0,15.0,20.0,10.0,10.0,8.0,22.5,30.0
973763888,136.5,150.0,Graded,2022-10-06 12:21:57 -0500,00:00:00,2.0,1.0,18.0,15.0,20.0,10.0,10.0,10.0,29.5,24.0
170991668,149.5,150.0,Graded,2022-10-06 12:26:47 -0500,00:01:47,0.0,1.0,20.0,15.0,20.0,10.0,10.0,10.0,34.5,30.0
259154711,128.0,150.0,Graded,2022-10-06 14:44:30 -0500,02:19:30,1.0,1.0,20.0,15.0,20.0,10.0,10.0,10.0,28.0,15.0
853027552,140.0,150.0,Graded,2022-10-06 12:22:33 -0500,00:00:00,5.0,1.0,14.0,15.0,20.0,10.0,10.0,10.0,32.0,29.0
113289517,128.0,150.0,Graded,2022-10-06 12:27:47 -0500,00:02:47,1.0,1.0,20.0,15.0,15.0,10.0,10.0,10.0,29.0,19.0
823906653,147.0,150.0,Graded,2022-10-06 12:14:42 -0500,00:00:00,1.0,1.0,20.0,15.0,20.0,9.0,9.0,9.0,35.0,30.0
543773582,137.0,150.0,Graded,2022-10-06 12:23:19 -0500,00:00:00,5.0,2.0,20.0,15.0,15.0,10.0,10.0,10.0,32.0,25.0
624396569,143.0,150.0,Graded,2022-10-06 12:22:21 -0500,00:00:00,2.0,1.0,20.0,15.0,20.0,10.0,10.0,10.0,28.0,30.0
498220528,142.0,150.0,Graded,2022-10-06 12:05:34 -0500,00:00:00,2.0,1.0,20.0,15.0,15.0,10.0,10.0,10.0,35.0,27.0
507273770,128.0,150.0,Graded,2022-10-06 12:24:11 -0500,00:00:00,4.0,1.0,16.0,15.0,20.0,9.0,9.0,8.0,26.0,25.0
582804068,98.0,150.0,Graded,2022-10-06 12:23:43 -0500,00:00:00,5.0,1.0,16.0,14.0,20.0,10.0,10.0,2.0,7.0,19.0
241288793,52.0,150.0,Graded,2022-10-06 12:23:24 -0500,00:00:00,1.0,1.0,4.0,0.0,10.0,10.0,10.0,6.0,0.0,12.0
977027424,126.0,150.0,Graded,2022-10-06 12:21:58 -0500,00:00:00,3.0,1.0,16.0,15.0,18.0,10.0,10.0,8.0,25.0,24.0
799911481,86.5,150.0,Graded,2022-10-06 12:20:59 -0500,00:00:00,3.0,1.0,8.0,15.0,12.0,10.0,5.0,2.0,11.5,23.0
820492858,84.5,150.0,Graded,2022-10-06 12:22:15 -0500,00:00:00,4.0,3.0,10.0,15.0,0.0,10.0,10.0,6.0,24.5,9.0
567174326,127.0,150.0,Graded,2022-10-06 12:20:11 -0500,00:00:00,4.0,1.0,14.0,15.0,20.0,10.0,10.0,6.0,22.0,30.0
827903731,135.0,150.0,Graded,2022-10-06 12:19:31 -0500,00:00:00,4.0,1.0,20.0,12.0,15.0,10.0,10.0,6.0,32.0,30.0
766195530,124.0,150.0,Graded,2022-10-06 12:20:06 -0500,00:00:00,2.0,1.0,14.0,12.0,15.0,10.0,10.0,9.0,28.0,26.0
760982848,135.5,150.0,Graded,2022-10-06 13:42:58 -0500,01:17:58,0.0,1.0,16.0,15.0,20.0,10.0,10.0,10.0,32.5,22.0
175804971,138.0,150.0,Graded,2022-10-06 13:56:06 -0500,01:31:06,1.0,1.0,16.0,15.0,20.0,10.0,10.0,10.0,27.0,30.0
450838843,116.5,150.0,Graded,2022-10-06 12:23:08 -0500,00:00:00,4.0,1.0,20.0,15.0,20.0,5.0,8.0,4.0,14.5,30.0
228504431,109.0,150.0,Graded,2022-10-06 13:53:06 -0500,01:28:06,5.0,1.0,6.0,15.0,5.0,10.0,10.0,10.0,28.0,25.0
172025158,113.5,150.0,Graded,2022-10-06 12:20:06 -0500,00:00:00,8.0,1.0,10.0,15.0,10.0,10.0,8.0,4.0,32.5,24.0
617072763,109.5,150.0,Graded,2022-10-06 12:28:39 -0500,00:03:39,0.0,1.0,14.0,15.0,7.0,10.0,10.0,10.0,18.5,25.0
205298298,129.0,150.0,Graded,2022-10-06 12:22:50 -0500,00:00:00,2.0,1.0,12.0,14.0,15.0,10.0,10.0,8.0,30.0,30.0
271322090,147.0,150.0,Graded,2022-10-06 13:48:01 -0500,01:23:01,3.0,1.0,20.0,15.0,20.0,10.0,10.0,8.0,34.0,30.0
874987678,141.0,150.0,Graded,2022-10-06 13:50:48 -0500,01:25:48,2.0,1.0,16.0,15.0,20.0,10.0,10.0,10.0,30.0,30.0
344244488,129.0,150.0,Graded,2022-10-06 13:35:39 -0500,01:10:39,4.0,1.0,16.0,15.0,20.0,10.0,10.0,10.0,22.0,26.0
596322861,146.0,150.0,Graded,2022-10-06 13:59:20 -0500,01:34:20,6.0,1.0,20.0,15.0,20.0,10.0,10.0,10.0,31.0,30.0
844072779,134.0,150.0,Graded,2022-10-06 12:21:26 -0500,00:00:00,5.0,1.0,20.0,15.0,20.0,10.0,10.0,2.0,28.0,29.0
789354791,116.5,150.0,Graded,2022-10-06 12:22:43 -0500,00:00:00,4.0,1.0,14.0,15.0,9.0,10.0,10.0,6.0,26.5,26.0
712401694,135.0,150.0,Graded,2022-10-06 12:29:28 -0500,00:04:28,6.0,1.0,18.0,15.0,20.0,10.0,10.0,10.0,31.0,21.0
469327354,139.0,150.0,Graded,2022-10-06 12:17:02 -0500,00:00:00,3.0,1.0,16.0,15.0,20.0,10.0,10.0,8.0,30.0,30.0
224722605,72.0,150.0,Graded,2022-10-06 12:21:07 -0500,00:00:00,0.0,1.0,12.0,15.0,19.0,10.0,8.0,8.0,0.0,0.0
975894419,139.5,150.0,Graded,2022-10-06 12:19:30 -0500,00:00:00,2.0,1.0,18.0,15.0,20.0,10.0,10.0,8.0,31.5,27.0
347004012,148.0,150.0,Graded,2022-10-06 12:22:38 -0500,00:00:00,6.0,1.0,18.0,15.0,20.0,10.0,10.0,10.0,35.0,30.0
202503529,120.5,150.0,Graded,2022-10-06 12:23:33 -0500,00:00:00,4.0,1.0,20.0,15.0,10.0,10.0,10.0,10.0,19.5,26.0
109676668,116.5,150.0,Graded,2022-10-06 12:20:02 -0500,00:00:00,2.0,1.0,8.0,15.0,15.0,10.0,10.0,8.0,26.5,24.0
612288045,145.0,150.0,Graded,2022-10-06 12:23:01 -0500,00:00:00,3.0,1.0,20.0,15.0,20.0,10.0,10.0,10.0,30.0,30.0
592063653,108.0,150.0,Graded,2022-10-06 12:20:26 -0500,00:00:00,3.0,1.0,12.0,15.0,20.0,5.0,8.0,8.0,16.0,24.0
703728651,47.0,150.0,Graded,2022-10-06 12:15:56 -0500,00:00:00,5.0,1.0,12.0,15.0,7.0,5.0,6.0,2.0,0.0,0.0
451874760,138.5,150.0,Graded,2022-10-06 13:20:22 -0500,00:55:22,5.0,1.0,20.0,15.0,19.0,10.0,10.0,6.0,28.5,30.0
646355412,144.0,150.0,Graded,2022-10-06 16:05:49 -0500,03:40:49,2.0,1.0,16.0,15.0,18.0,10.0,10.0,10.0,35.0,30.0
230651161,100.0,150.0,Graded,2022-10-06 12:22:23 -0500,00:00:00,4.0,1.0,12.0,15.0,18.0,10.0,10.0,10.0,13.0,12.0
812260068,144.5,150.0,Graded,2022-10-06 12:24:44 -0500,00:00:00,2.0,1.0,20.0,15.0,20.0,10.0,10.0,10.0,30.5,29.0
951481595,129.5,150.0,Graded,2022-10-06 12:36:20 -0500,00:11:20,4.0,2.0,12.0,15.0,20.0,10.0,10.0,10.0,26.5,26.0
921076154,122.5,150.0,Graded,2022-10-06 13:19:05 -0500,00:54:05,2.0,1.0,8.0,15.0,20.0,10.0,10.0,10.0,23.5,26.0
449241542,111.0,150.0,Graded,2022-10-06 12:25:24 -0500,00:00:24,2.0,1.0,8.0,15.0,12.0,10.0,10.0,4.0,25.0,27.0
613579952,136.0,150.0,Graded,2022-10-06 12:20:11 -0500,00:00:00,3.0,1.0,12.0,15.0,20.0,10.0,10.0,6.0,34.0,29.0
795533292,108.0,150.0,Graded,2022-10-06 13:29:27 -0500,01:04:27,7.0,1.0,10.0,15.0,13.0,10.0,10.0,4.0,23.0,23.0
961061035,111.5,150.0,Graded,2022-10-06 12:23:00 -0500,00:00:00,4.0,1.0,12.0,15.0,15.0,10.0,8.0,8.0,17.5,26.0
524269695,113.5,150.0,Graded,2022-10-06 13:44:02 -0500,01:19:02,3.0,1.0,18.0,15.0,20.0,10.0,10.0,8.0,17.5,15.0
233084695,79.0,150.0,Graded,2022-10-06 12:17:07 -0500,00:00:00,1.0,1.0,14.0,14.0,5.0,10.0,10.0,6.0,0.0,20.0
927131401,142.5,150.0,Graded,2022-10-06 12:22:50 -0500,00:00:00,2.0,2.0,16.0,15.0,20.0,10.0,10.0,8.0,34.5,29.0
512795474,146.0,150.0,Graded,2022-10-06 12:20:12 -0500,00:00:00,4.0,1.0,20.0,15.0,20.0,10.0,10.0,10.0,32.0,29.0
331964985,84.0,150.0,Graded,2022-10-06 12:23:37 -0500,00:00:00,5.0,1.0,10.0,15.0,12.0,10.0,10.0,8.0,0.0,19.0
855495962,137.5,150.0,Graded,2022-10-06 14:29:44 -0500,02:04:44,6.0,1.0,18.0,15.0,18.0,10.0,10.0,10.0,29.5,27.0
998650703,90.0,150.0,Graded,2022-10-06 12:22:10 -0500,00:00:00,1.0,1.0,12.0,15.0,15.0,10.0,6.0,0.0,25.0,7.0
856742706,64.0,150.0,Graded,2022-10-06 12:21:28 -0500,00:00:00,3.0,1.0,10.0,15.0,10.0,10.0,6.0,6.0,0.0,7.0
779856123,42.0,150.0,Graded,2022-10-06 12:25:11 -0500,00:00:11,1.0,1.0,4.0,15.0,5.0,10.0,8.0,0.0,0.0,0.0
448105180,41.0,150.0,Graded,2022-10-06 12:25:33 -0500,00:00:33,0.0,1.0,8.0,0.0,10.0,5.0,6.0,6.0,6.0,0.0
152653717,132.5,150.0,Graded,2022-10-06 13:42:15 -0500,01:17:15,5.0,2.0,18.0,15.0,20.0,5.0,6.0,10.0,28.5,30.0
357395409,99.5,150.0,Graded,2022-10-06 12:23:23 -0500,00:00:00,8.0,1.0,12.0,15.0,13.0,10.0,10.0,10.0,5.5,24.0
663677168,80.0,150.0,Graded,2022-10-06 12:21:08 -0500,00:00:00,4.0,1.0,10.0,15.0,5.0,10.0,10.0,8.0,0.0,22.0
612588975,134.0,150.0,Graded,2022-10-06 12:24:16 -0500,00:00:00,1.0,1.0,12.0,14.0,20.0,10.0,10.0,10.0,32.0,26.0
194767716,107.0,150.0,Graded,2022-10-06 12:28:21 -0500,00:03:21,5.0,1.0,16.0,15.0,15.0,10.0,10.0,4.0,16.0,21.0
413697324,137.5,150.0,Graded,2022-10-06 12:24:50 -0500,00:00:00,10.0,2.0,16.0,15.0,20.0,10.0,8.0,8.0,34.5,26.0
295082527,119.0,150.0,Graded,2022-10-06 12:14:33 -0500,00:00:00,2.0,1.0,16.0,12.0,15.0,10.0,10.0,10.0,25.0,21.0
820436799,129.0,150.0,Graded,2022-10-06 14:34:02 -0500,02:09:02,3.0,1.0,18.0,15.0,15.0,10.0,10.0,10.0,22.0,29.0
818032069,120.5,150.0,Graded,2022-10-06 12:25:27 -0500,00:00:27,2.0,1.0,18.0,14.0,17.0,10.0,10.0,10.0,13.5,28.0
140341082,113.0,150.0,Graded,2022-10-06 12:15:17 -0500,00:00:00,3.0,1.0,12.0,15.0,12.0,10.0,10.0,6.0,21.0,27.0
959944273,66.5,150.0,Graded,2022-10-06 13:57:14 -0500,01:32:14,3.0,1.0,12.0,15.0,10.0,9.0,5.0,6.0,9.5,0.0
737209238,139.0,150.0,Graded,2022-10-06 12:22:29 -0500,00:00:00,4.0,1.0,20.0,15.0,20.0,10.0,10.0,10.0,27.0,27.0
789619419,125.0,150.0,Graded,2022-10-06 12:28:32 -0500,00:03:32,7.0,1.0,12.0,15.0,20.0,10.0,8.0,8.0,27.0,25.0
409608341,140.0,150.0,Graded,2022-10-06 12:22:25 -0500,00:00:00,4.0,1.0,14.0,15.0,20.0,10.0,10.0,10.0,32.0,29.0
670589436,135.0,150.0,Graded,2022-10-06 12:23:33 -0500,00:00:00,4.0,1.0,12.0,15.0,20.0,10.0,10.0,8.0,33.0,27.0
528283788,129.0,150.0,Graded,2022-10-06 12:24:52 -0500,00:00:00,3.0,1.0,16.0,15.0,15.0,10.0,10.0,10.0,30.0,23.0
387775822,117.0,150.0,Graded,2022-10-06 12:21:49 -0500,00:00:00,2.0,1.0,16.0,15.0,5.0,10.0,10.0,10.0,28.0,23.0
435513629,132.0,150.0,Graded,2022-10-06 13:23:26 -0500,00:58:26,3.0,1.0,16.0,15.0,20.0,10.0,10.0,8.0,28.0,25.0
933263408,127.5,150.0,Graded,2022-10-06 12:19:52 -0500,00:00:00,3.0,1.0,18.0,15.0,18.0,10.0,10.0,6.0,23.5,27.0
334276170,136.5,150.0,Graded,2022-10-06 12:29:01 -0500,00:04:01,1.0,1.0,18.0,15.0,20.0,10.0,10.0,10.0,26.5,27.0
629529492,134.5,150.0,Graded,2022-10-06 12:25:36 -0500,00:00:36,2.0,2.0,18.0,15.0,20.0,10.0,10.0,6.0,26.5,29.0
686563160,132.5,150.0,Graded,2022-10-06 12:23:23 -0500,00:00:00,4.0,1.0,16.0,15.0,20.0,5.0,8.0,7.0,31.5,30.0
739219874,145.0,150.0,Graded,2022-10-06 12:24:23 -0500,00:00:00,1.0,1.0,20.0,15.0,20.0,10.0,10.0,10.0,34.0,26.0
394932001,121.5,150.0,Graded,2022-10-06 12:22:20 -0500,00:00:00,4.0,1.0,14.0,15.0,15.0,10.0,10.0,8.0,24.5,25.0
239659876,133.0,150.0,Graded,2022-10-06 12:23:17 -0500,00:00:00,2.0,1.0,16.0,15.0,15.0,10.0,10.0,6.0,31.0,30.0
312992693,137.0,150.0,Graded,2022-10-06 12:24:21 -0500,00:00:00,3.0,1.0,18.0,15.0,20.0,10.0,10.0,10.0,25.0,29.0
269388788,143.0,150.0,Graded,2022-10-06 12:18:34 -0500,00:00:00,3.0,1.0,18.0,15.0,20.0,10.0,8.0,10.0,35.0,27.0
431198619,136.0,150.0,Graded,2022-10-06 12:07:04 -0500,00:00:00,4.0,1.0,18.0,15.0,15.0,10.0,10.0,6.0,33.0,29.0
987271395,125.0,150.0,Graded,2022-10-06 12:23:01 -0500,00:00:00,5.0,1.0,16.0,15.0,10.0,10.0,10.0,10.0,29.0,25.0
484369130,133.0,150.0,Graded,2022-10-06 12:23:46 -0500,00:00:00,3.0,1.0,20.0,15.0,15.0,10.0,10.0,10.0,28.0,25.0
528167595,145.0,150.0,Graded,2022-10-06 12:19:19 -0500,00:00:00,5.0,1.0,18.0,15.0,20.0,10.0,10.0,10.0,35.0,27.0
443524764,131.0,150.0,Graded,2022-10-06 12:26:41 -0500,00:01:41,4.0,1.0,12.0,15.0,18.0,9.0,9.0,10.0,34.0,24.0
173907334,109.0,150.0,Graded,2022-10-06 12:27:51 -0500,00:02:51,7.0,1.0,16.0,12.0,7.0,9.0,7.0,10.0,19.0,29.0
692457537,108.5,150.0,Graded,2022-10-06 13:04:36 -0500,00:39:36,1.0,1.0,12.0,15.0,15.0,9.0,7.0,4.0,24.5,22.0
591072381,140.5,150.0,Graded,2022-10-06 12:15:50 -0500,00:00:00,2.0,1.0,14.0,15.0,20.0,10.0,10.0,10.0,32.5,29.0
776100277,107.0,150.0,Graded,2022-10-06 12:22:20 -0500,00:00:00,6.0,1.0,12.0,15.0,13.0,9.0,6.0,8.0,27.0,17.0
903454596,142.0,150.0,Graded,2022-10-06 12:21:38 -0500,00:00:00,3.0,1.0,20.0,15.0,15.0,10.0,10.0,8.0,34.0,30.0
885343848,134.5,150.0,Graded,2022-10-06 12:15:28 -0500,00:00:00,2.0,1.0,16.0,15.0,19.0,5.0,10.0,10.0,29.5,30.0
145881787,131.0,150.0,Graded,2022-10-06 12:23:14 -0500,00:00:00,7.0,1.0,12.0,15.0,20.0,10.0,10.0,10.0,28.0,26.0
486223826,139.5,150.0,Graded,2022-10-06 12:26:39 -0500,00:01:39,4.0,1.0,20.0,15.0,15.0,10.0,8.0,10.0,31.5,30.0
308884206,129.0,150.0,Graded,2022-10-06 12:11:25 -0500,00:00:00,3.0,1.0,10.0,15.0,20.0,10.0,10.0,8.0,26.0,30.0
605557149,110.5,150.0,Graded,2022-10-06 12:21:01 -0500,00:00:00,6.0,1.0,14.0,15.0,20.0,10.0,10.0,6.0,9.5,26.0
888839383,132.0,150.0,Graded,2022-10-06 12:21:56 -0500,00:00:00,4.0,1.0,16.0,15.0,20.0,10.0,10.0,8.0,28.0,25.0
