randNumCol,Total Score,Max Points,Status,Submission Time,Lateness (H:M:S),View Count,Submission Count,1: Q1 (4.0 pts),2: Q2 (15.0 pts),3: Q3 (16.0 pts),4.1 (5.0 pts),4.2 (5.0 pts),4.3 (5.0 pts),4.4 (5.0 pts),4.5 (9.0 pts),5.1 (5.0 pts),5.2 (3.0 pts),5.3 (3.0 pts),6: Report (3.0 pts)
801925577,73.0,78.0,Graded,2022-12-02 23:58:04 -0600,00:00:00,7.0,1.0,4.0,15.0,16.0,5.0,5.0,0.0,5.0,9.0,5.0,3.0,3.0,3.0
262507520,75.5,78.0,Graded,2022-12-02 21:53:09 -0600,00:00:00,6.0,1.0,4.0,15.0,16.0,3.5,5.0,5.0,5.0,9.0,4.0,3.0,3.0,3.0
853470508,78.0,78.0,Graded,2022-12-02 21:58:26 -0600,00:00:00,0.0,2.0,4.0,15.0,16.0,5.0,5.0,5.0,5.0,9.0,5.0,3.0,3.0,3.0
468287725,78.0,78.0,Graded,2022-12-02 17:16:01 -0600,00:00:00,0.0,1.0,4.0,15.0,16.0,5.0,5.0,5.0,5.0,9.0,5.0,3.0,3.0,3.0
966245481,77.0,78.0,Graded,2022-12-01 15:36:36 -0600,00:00:00,1.0,1.0,4.0,15.0,16.0,5.0,5.0,5.0,5.0,8.0,5.0,3.0,3.0,3.0
688844688,78.0,78.0,Graded,2022-12-01 15:38:22 -0600,00:00:00,1.0,2.0,4.0,15.0,16.0,5.0,5.0,5.0,5.0,9.0,5.0,3.0,3.0,3.0
602558521,73.0,78.0,Graded,2022-12-02 20:17:13 -0600,00:00:00,0.0,1.0,4.0,15.0,16.0,5.0,5.0,0.0,5.0,9.0,5.0,3.0,3.0,3.0
728776101,77.0,78.0,Graded,2022-12-02 10:48:07 -0600,00:00:00,1.0,1.0,4.0,15.0,16.0,5.0,4.0,5.0,5.0,9.0,5.0,3.0,3.0,3.0
513252691,76.5,78.0,Graded,2022-12-01 16:57:37 -0600,00:00:00,9.0,2.0,4.0,15.0,16.0,5.0,5.0,3.5,5.0,9.0,5.0,3.0,3.0,3.0
798694774,78.0,78.0,Graded,2022-11-30 16:27:07 -0600,00:00:00,2.0,1.0,4.0,15.0,16.0,5.0,5.0,5.0,5.0,9.0,5.0,3.0,3.0,3.0
880377892,74.0,78.0,Graded,2022-12-02 16:43:03 -0600,00:00:00,3.0,2.0,4.0,15.0,16.0,5.0,5.0,2.0,5.0,9.0,4.0,3.0,3.0,3.0
140393680,78.0,78.0,Graded,2022-12-02 23:45:20 -0600,00:00:00,0.0,1.0,4.0,15.0,16.0,5.0,5.0,5.0,5.0,9.0,5.0,3.0,3.0,3.0
406982131,64.5,78.0,Graded,2022-12-02 23:57:09 -0600,00:00:00,1.0,1.0,4.0,15.0,16.0,3.5,4.0,5.0,5.0,6.0,0.0,3.0,0.0,3.0
631918976,78.0,78.0,Graded,2022-12-02 23:58:41 -0600,00:00:00,0.0,3.0,4.0,15.0,16.0,5.0,5.0,5.0,5.0,9.0,5.0,3.0,3.0,3.0
555782827,78.0,78.0,Graded,2022-12-02 23:35:55 -0600,00:00:00,4.0,1.0,4.0,15.0,16.0,5.0,5.0,5.0,5.0,9.0,5.0,3.0,3.0,3.0
556717963,75.0,78.0,Graded,2022-12-02 21:57:32 -0600,00:00:00,1.0,1.0,4.0,15.0,16.0,5.0,5.0,5.0,5.0,6.0,5.0,3.0,3.0,3.0
213555276,70.5,78.0,Graded,2022-12-02 15:17:55 -0600,00:00:00,0.0,1.0,4.0,15.0,16.0,3.5,5.0,0.0,5.0,8.0,5.0,3.0,3.0,3.0
357999413,76.5,78.0,Graded,2022-11-25 17:07:30 -0600,00:00:00,2.0,2.0,4.0,15.0,16.0,3.5,5.0,5.0,5.0,9.0,5.0,3.0,3.0,3.0
215542326,75.0,78.0,Graded,2022-12-02 20:24:31 -0600,00:00:00,5.0,1.0,4.0,15.0,16.0,3.5,5.0,3.5,5.0,9.0,5.0,3.0,3.0,3.0
683714891,73.5,78.0,Graded,2022-12-02 21:50:58 -0600,00:00:00,3.0,1.0,4.0,15.0,16.0,5.0,5.0,0.5,5.0,9.0,5.0,3.0,3.0,3.0
450938085,78.0,78.0,Graded,2022-11-28 18:25:10 -0600,00:00:00,1.0,1.0,4.0,15.0,16.0,5.0,5.0,5.0,5.0,9.0,5.0,3.0,3.0,3.0
791013869,77.0,78.0,Graded,2022-12-02 23:23:31 -0600,00:00:00,2.0,1.0,3.0,15.0,16.0,5.0,5.0,5.0,5.0,9.0,5.0,3.0,3.0,3.0
431330025,78.0,78.0,Graded,2022-12-02 12:58:35 -0600,00:00:00,4.0,1.0,4.0,15.0,16.0,5.0,5.0,5.0,5.0,9.0,5.0,3.0,3.0,3.0
538294395,78.0,78.0,Graded,2022-12-02 19:57:43 -0600,00:00:00,0.0,1.0,4.0,15.0,16.0,5.0,5.0,5.0,5.0,9.0,5.0,3.0,3.0,3.0
144202762,75.5,78.0,Graded,2022-12-02 22:12:36 -0600,00:00:00,0.0,1.0,4.0,15.0,16.0,5.0,5.0,3.5,5.0,8.0,5.0,3.0,3.0,3.0
519550803,77.0,78.0,Graded,2022-12-01 22:50:04 -0600,00:00:00,2.0,1.0,4.0,15.0,16.0,5.0,4.0,5.0,5.0,9.0,5.0,3.0,3.0,3.0
482212493,78.0,78.0,Graded,2022-12-02 23:01:55 -0600,00:00:00,0.0,1.0,4.0,15.0,16.0,5.0,5.0,5.0,5.0,9.0,5.0,3.0,3.0,3.0
647038181,78.0,78.0,Graded,2022-12-02 19:51:07 -0600,00:00:00,0.0,3.0,4.0,15.0,16.0,5.0,5.0,5.0,5.0,9.0,5.0,3.0,3.0,3.0
846403629,78.0,78.0,Graded,2022-12-02 22:16:19 -0600,00:00:00,0.0,1.0,4.0,15.0,16.0,5.0,5.0,5.0,5.0,9.0,5.0,3.0,3.0,3.0
586062294,75.0,78.0,Graded,2022-12-02 22:48:22 -0600,00:00:00,0.0,2.0,4.0,15.0,16.0,5.0,5.0,2.0,5.0,9.0,5.0,3.0,3.0,3.0
884195403,78.0,78.0,Graded,2022-12-02 00:17:45 -0600,00:00:00,1.0,1.0,4.0,15.0,16.0,5.0,5.0,5.0,5.0,9.0,5.0,3.0,3.0,3.0
996805395,77.0,78.0,Graded,2022-12-02 23:54:48 -0600,00:00:00,3.0,2.0,4.0,15.0,16.0,5.0,5.0,5.0,5.0,9.0,4.0,3.0,3.0,3.0
981630158,78.0,78.0,Graded,2022-11-30 20:13:41 -0600,00:00:00,2.0,1.0,4.0,15.0,16.0,5.0,5.0,5.0,5.0,9.0,5.0,3.0,3.0,3.0
425298232,78.0,78.0,Graded,2022-12-02 21:42:22 -0600,00:00:00,1.0,1.0,4.0,15.0,16.0,5.0,5.0,5.0,5.0,9.0,5.0,3.0,3.0,3.0
868686594,77.0,78.0,Graded,2022-12-01 22:55:41 -0600,00:00:00,1.0,1.0,4.0,15.0,16.0,5.0,5.0,5.0,5.0,8.0,5.0,3.0,3.0,3.0
891283532,75.5,78.0,Graded,2022-12-02 20:02:07 -0600,00:00:00,0.0,1.0,3.0,15.0,16.0,3.5,5.0,5.0,5.0,9.0,5.0,3.0,3.0,3.0
757443096,75.5,78.0,Graded,2022-12-02 13:59:02 -0600,00:00:00,0.0,1.0,4.0,15.0,16.0,3.5,5.0,5.0,5.0,9.0,4.0,3.0,3.0,3.0
915625252,77.0,78.0,Graded,2022-12-02 18:54:09 -0600,00:00:00,3.0,1.0,4.0,15.0,16.0,5.0,4.0,5.0,5.0,9.0,5.0,3.0,3.0,3.0
887196036,38.0,78.0,Graded,2022-12-02 23:53:18 -0600,00:00:00,0.0,1.0,4.0,15.0,16.0,0.0,0.0,0.0,0.0,0.0,0.0,0.0,0.0,3.0
853643793,71.0,78.0,Graded,2022-11-26 23:12:05 -0600,00:00:00,6.0,8.0,4.0,15.0,16.0,5.0,4.0,0.0,5.0,9.0,4.0,3.0,3.0,3.0
367453952,78.0,78.0,Graded,2022-12-01 21:36:22 -0600,00:00:00,0.0,1.0,4.0,15.0,16.0,5.0,5.0,5.0,5.0,9.0,5.0,3.0,3.0,3.0
581792455,72.0,78.0,Graded,2022-12-02 23:53:42 -0600,00:00:00,1.0,1.0,4.0,15.0,16.0,5.0,5.0,0.0,5.0,9.0,4.0,3.0,3.0,3.0
102509560,76.5,78.0,Graded,2022-11-30 20:14:59 -0600,00:00:00,2.0,2.0,4.0,15.0,16.0,5.0,5.0,3.5,5.0,9.0,5.0,3.0,3.0,3.0
604704694,77.0,78.0,Graded,2022-12-02 23:30:03 -0600,00:00:00,0.0,1.0,4.0,15.0,16.0,5.0,5.0,5.0,5.0,9.0,4.0,3.0,3.0,3.0
860075746,77.0,78.0,Graded,2022-12-02 10:27:28 -0600,00:00:00,1.0,1.0,4.0,15.0,16.0,5.0,5.0,5.0,5.0,8.0,5.0,3.0,3.0,3.0
351876097,48.0,78.0,Graded,2022-12-02 23:59:54 -0600,00:00:54,4.0,1.0,4.0,15.0,16.0,5.0,5.0,0.0,0.0,0.0,0.0,0.0,0.0,3.0
196938750,75.0,78.0,Graded,2022-12-01 11:04:39 -0600,00:00:00,1.0,3.0,4.0,15.0,16.0,5.0,5.0,2.0,5.0,9.0,5.0,3.0,3.0,3.0
208887130,78.0,78.0,Graded,2022-11-30 14:08:45 -0600,00:00:00,0.0,2.0,4.0,15.0,16.0,5.0,5.0,5.0,5.0,9.0,5.0,3.0,3.0,3.0
304646933,25.0,78.0,Graded,2022-12-04 11:32:42 -0600,35:33:42,3.0,2.0,0.0,15.0,0.0,0.0,0.0,0.0,0.0,0.0,5.0,2.0,2.0,1.0
718604469,76.0,78.0,Graded,2022-11-30 23:31:51 -0600,00:00:00,0.0,1.0,4.0,15.0,16.0,5.0,5.0,5.0,5.0,8.0,5.0,3.0,2.0,3.0
722247081,77.0,78.0,Graded,2022-12-02 15:12:50 -0600,00:00:00,13.0,3.0,4.0,15.0,16.0,5.0,5.0,5.0,4.0,9.0,5.0,3.0,3.0,3.0
817205605,78.0,78.0,Graded,2022-11-28 22:30:33 -0600,00:00:00,0.0,1.0,4.0,15.0,16.0,5.0,5.0,5.0,5.0,9.0,5.0,3.0,3.0,3.0
611518158,72.0,78.0,Graded,2022-12-02 23:42:25 -0600,00:00:00,0.0,1.0,3.0,15.0,16.0,3.5,3.0,3.5,5.0,9.0,5.0,3.0,3.0,3.0
177697048,76.5,78.0,Graded,2022-12-02 21:24:17 -0600,00:00:00,2.0,2.0,4.0,15.0,16.0,5.0,5.0,3.5,5.0,9.0,5.0,3.0,3.0,3.0
616967158,76.0,78.0,Graded,2022-11-30 15:44:47 -0600,00:00:00,2.0,2.0,4.0,15.0,16.0,5.0,5.0,5.0,5.0,9.0,4.0,2.0,3.0,3.0
315653647,73.0,78.0,Graded,2022-12-02 20:40:18 -0600,00:00:00,8.0,2.0,4.0,15.0,16.0,5.0,5.0,0.0,5.0,9.0,5.0,3.0,3.0,3.0
358296522,78.0,78.0,Graded,2022-12-02 22:56:53 -0600,00:00:00,0.0,1.0,4.0,15.0,16.0,5.0,5.0,5.0,5.0,9.0,5.0,3.0,3.0,3.0
196389138,78.0,78.0,Graded,2022-12-08 11:35:03 -0600,131:36:03,0.0,1.0,4.0,15.0,16.0,5.0,5.0,5.0,5.0,9.0,5.0,3.0,3.0,3.0
677646110,73.0,78.0,Graded,2022-12-02 23:28:14 -0600,00:00:00,1.0,1.0,4.0,15.0,16.0,5.0,5.0,0.0,5.0,9.0,5.0,3.0,3.0,3.0
739727903,67.5,78.0,Graded,2022-12-02 19:55:37 -0600,00:00:00,1.0,1.0,0.0,15.0,16.0,3.5,5.0,0.0,5.0,9.0,5.0,3.0,3.0,3.0
239830252,76.5,78.0,Graded,2022-12-01 14:48:51 -0600,00:00:00,1.0,3.0,4.0,15.0,16.0,5.0,5.0,3.5,5.0,9.0,5.0,3.0,3.0,3.0
236845553,78.0,78.0,Graded,2022-12-02 23:56:03 -0600,00:00:00,3.0,1.0,4.0,15.0,16.0,5.0,5.0,5.0,5.0,9.0,5.0,3.0,3.0,3.0
819905544,77.0,78.0,Graded,2022-11-30 15:18:11 -0600,00:00:00,0.0,1.0,4.0,15.0,16.0,5.0,5.0,5.0,5.0,9.0,5.0,3.0,2.0,3.0
718982500,78.0,78.0,Graded,2022-12-01 10:21:03 -0600,00:00:00,2.0,2.0,4.0,15.0,16.0,5.0,5.0,5.0,5.0,9.0,5.0,3.0,3.0,3.0
393009742,36.0,78.0,Graded,2022-12-03 00:00:50 -0600,00:01:50,5.0,2.0,4.0,15.0,16.0,0.0,0.0,0.0,0.0,0.0,0.0,0.0,0.0,1.0
695607399,77.0,78.0,Graded,2022-12-01 22:47:48 -0600,00:00:00,15.0,1.0,4.0,15.0,16.0,5.0,4.0,5.0,5.0,9.0,5.0,3.0,3.0,3.0
426006334,78.0,78.0,Graded,2022-12-02 18:55:27 -0600,00:00:00,1.0,1.0,4.0,15.0,16.0,5.0,5.0,5.0,5.0,9.0,5.0,3.0,3.0,3.0
815373712,77.0,78.0,Graded,2022-11-28 23:46:49 -0600,00:00:00,1.0,1.0,4.0,15.0,16.0,5.0,4.0,5.0,5.0,9.0,5.0,3.0,3.0,3.0
757899821,76.5,78.0,Graded,2022-12-02 23:47:13 -0600,00:00:00,7.0,1.0,4.0,15.0,16.0,3.5,5.0,5.0,5.0,9.0,5.0,3.0,3.0,3.0
321265210,77.0,78.0,Graded,2022-12-02 21:57:34 -0600,00:00:00,3.0,2.0,4.0,15.0,16.0,5.0,5.0,5.0,5.0,9.0,4.0,3.0,3.0,3.0
997288135,76.5,78.0,Graded,2022-12-02 23:48:53 -0600,00:00:00,2.0,1.0,4.0,15.0,16.0,5.0,5.0,3.5,5.0,9.0,5.0,3.0,3.0,3.0
362394432,78.0,78.0,Graded,2022-12-01 03:47:37 -0600,00:00:00,1.0,1.0,4.0,15.0,16.0,5.0,5.0,5.0,5.0,9.0,5.0,3.0,3.0,3.0
883116166,78.0,78.0,Graded,2022-12-01 00:08:56 -0600,00:00:00,2.0,1.0,4.0,15.0,16.0,5.0,5.0,5.0,5.0,9.0,5.0,3.0,3.0,3.0
293581171,78.0,78.0,Graded,2022-11-30 17:28:11 -0600,00:00:00,4.0,2.0,4.0,15.0,16.0,5.0,5.0,5.0,5.0,9.0,5.0,3.0,3.0,3.0
381118522,73.0,78.0,Graded,2022-12-01 19:01:21 -0600,00:00:00,0.0,1.0,4.0,15.0,16.0,5.0,5.0,0.0,5.0,9.0,5.0,3.0,3.0,3.0
317104199,74.5,78.0,Graded,2022-12-02 19:48:39 -0600,00:00:00,2.0,1.0,4.0,15.0,16.0,5.0,5.0,3.5,3.0,9.0,5.0,3.0,3.0,3.0
466291288,77.0,78.0,Graded,2022-11-30 15:49:16 -0600,00:00:00,4.0,1.0,4.0,15.0,16.0,5.0,5.0,5.0,5.0,9.0,5.0,3.0,2.0,3.0
844164199,78.0,78.0,Graded,2022-12-02 23:51:30 -0600,00:00:00,3.0,2.0,4.0,15.0,16.0,5.0,5.0,5.0,5.0,9.0,5.0,3.0,3.0,3.0
578891403,78.0,78.0,Graded,2022-12-02 23:35:58 -0600,00:00:00,2.0,1.0,4.0,15.0,16.0,5.0,5.0,5.0,5.0,9.0,5.0,3.0,3.0,3.0
558375823,77.0,78.0,Graded,2022-12-02 23:24:54 -0600,00:00:00,3.0,1.0,4.0,15.0,16.0,5.0,5.0,5.0,5.0,9.0,4.0,3.0,3.0,3.0
287568073,78.0,78.0,Graded,2022-12-02 20:24:49 -0600,00:00:00,1.0,4.0,4.0,15.0,16.0,5.0,5.0,5.0,5.0,9.0,5.0,3.0,3.0,3.0
709735325,78.0,78.0,Graded,2022-12-02 19:37:31 -0600,00:00:00,1.0,2.0,4.0,15.0,16.0,5.0,5.0,5.0,5.0,9.0,5.0,3.0,3.0,3.0
287712537,72.5,78.0,Graded,2022-11-30 21:20:44 -0600,00:00:00,1.0,3.0,3.5,15.0,16.0,5.0,5.0,0.0,5.0,9.0,5.0,3.0,3.0,3.0
496648192,75.0,78.0,Graded,2022-11-13 02:06:10 -0600,00:00:00,2.0,1.0,4.0,15.0,16.0,5.0,5.0,2.0,5.0,9.0,5.0,3.0,3.0,3.0
139056282,77.0,78.0,Graded,2022-12-02 00:41:48 -0600,00:00:00,1.0,1.0,4.0,15.0,16.0,5.0,5.0,5.0,5.0,9.0,4.0,3.0,3.0,3.0
411819068,78.0,78.0,Graded,2022-12-02 23:51:11 -0600,00:00:00,0.0,2.0,4.0,15.0,16.0,5.0,5.0,5.0,5.0,9.0,5.0,3.0,3.0,3.0
968248176,78.0,78.0,Graded,2022-12-02 23:01:33 -0600,00:00:00,1.0,1.0,4.0,15.0,16.0,5.0,5.0,5.0,5.0,9.0,5.0,3.0,3.0,3.0
744337479,76.5,78.0,Graded,2022-12-02 20:17:33 -0600,00:00:00,6.0,1.0,4.0,15.0,16.0,3.5,5.0,5.0,5.0,9.0,5.0,3.0,3.0,3.0
105324844,67.0,78.0,Graded,2022-12-01 00:49:38 -0600,00:00:00,0.0,1.0,4.0,15.0,16.0,5.0,5.0,0.0,0.0,8.0,5.0,3.0,3.0,3.0
484405746,76.5,78.0,Graded,2022-12-02 20:31:35 -0600,00:00:00,1.0,1.0,4.0,15.0,16.0,3.5,5.0,5.0,5.0,9.0,5.0,3.0,3.0,3.0
943661848,78.0,78.0,Graded,2022-12-02 19:17:16 -0600,00:00:00,0.0,1.0,4.0,15.0,16.0,5.0,5.0,5.0,5.0,9.0,5.0,3.0,3.0,3.0
359759230,77.0,78.0,Graded,2022-12-02 23:47:31 -0600,00:00:00,1.0,2.0,4.0,15.0,16.0,5.0,5.0,5.0,5.0,9.0,5.0,3.0,2.0,3.0
442821320,78.0,78.0,Graded,2022-12-02 12:31:13 -0600,00:00:00,1.0,1.0,4.0,15.0,16.0,5.0,5.0,5.0,5.0,9.0,5.0,3.0,3.0,3.0
963746914,78.0,78.0,Graded,2022-12-02 18:23:09 -0600,00:00:00,1.0,1.0,4.0,15.0,16.0,5.0,5.0,5.0,5.0,9.0,5.0,3.0,3.0,3.0
410273349,78.0,78.0,Graded,2022-11-29 00:45:05 -0600,00:00:00,1.0,1.0,4.0,15.0,16.0,5.0,5.0,5.0,5.0,9.0,5.0,3.0,3.0,3.0
928986287,76.5,78.0,Graded,2022-11-27 22:08:11 -0600,00:00:00,1.0,1.0,4.0,15.0,16.0,5.0,5.0,3.5,5.0,9.0,5.0,3.0,3.0,3.0
717283131,78.0,78.0,Graded,2022-12-01 22:05:20 -0600,00:00:00,1.0,1.0,4.0,15.0,16.0,5.0,5.0,5.0,5.0,9.0,5.0,3.0,3.0,3.0
889941393,78.0,78.0,Graded,2022-12-02 10:39:31 -0600,00:00:00,1.0,1.0,4.0,15.0,16.0,5.0,5.0,5.0,5.0,9.0,5.0,3.0,3.0,3.0
788596770,77.0,78.0,Graded,2022-11-30 17:05:36 -0600,00:00:00,1.0,1.0,4.0,15.0,16.0,5.0,5.0,5.0,5.0,8.0,5.0,3.0,3.0,3.0
941280573,78.0,78.0,Graded,2022-11-27 21:58:10 -0600,00:00:00,0.0,1.0,4.0,15.0,16.0,5.0,5.0,5.0,5.0,9.0,5.0,3.0,3.0,3.0
250884994,78.0,78.0,Graded,2022-12-02 18:17:29 -0600,00:00:00,2.0,2.0,4.0,15.0,16.0,5.0,5.0,5.0,5.0,9.0,5.0,3.0,3.0,3.0
719711907,77.0,78.0,Graded,2022-12-02 22:44:31 -0600,00:00:00,1.0,2.0,4.0,15.0,16.0,5.0,5.0,5.0,5.0,9.0,4.0,3.0,3.0,3.0
118397071,76.0,78.0,Graded,2022-12-02 21:29:26 -0600,00:00:00,0.0,1.0,4.0,15.0,16.0,5.0,5.0,5.0,3.0,9.0,5.0,3.0,3.0,3.0
888606400,78.0,78.0,Graded,2022-11-24 17:51:12 -0600,00:00:00,2.0,1.0,4.0,15.0,16.0,5.0,5.0,5.0,5.0,9.0,5.0,3.0,3.0,3.0
193781663,69.5,78.0,Graded,2022-12-02 22:36:39 -0600,00:00:00,0.0,2.0,1.0,15.0,16.0,3.5,2.0,5.0,5.0,8.0,5.0,3.0,3.0,3.0
236595923,78.0,78.0,Graded,2022-12-02 18:37:18 -0600,00:00:00,0.0,2.0,4.0,15.0,16.0,5.0,5.0,5.0,5.0,9.0,5.0,3.0,3.0,3.0
464591232,78.0,78.0,Graded,2022-12-02 17:09:22 -0600,00:00:00,0.0,2.0,4.0,15.0,16.0,5.0,5.0,5.0,5.0,9.0,5.0,3.0,3.0,3.0
937801142,78.0,78.0,Graded,2022-12-02 17:47:53 -0600,00:00:00,1.0,5.0,4.0,15.0,16.0,5.0,5.0,5.0,5.0,9.0,5.0,3.0,3.0,3.0
718131231,72.0,78.0,Graded,2022-11-30 18:59:47 -0600,00:00:00,1.0,1.0,4.0,15.0,16.0,2.5,4.0,3.5,5.0,8.0,5.0,3.0,3.0,3.0
207156324,78.0,78.0,Graded,2022-12-02 22:29:36 -0600,00:00:00,0.0,2.0,4.0,15.0,16.0,5.0,5.0,5.0,5.0,9.0,5.0,3.0,3.0,3.0
138190992,78.0,78.0,Graded,2022-12-04 11:30:24 -0600,35:31:24,0.0,1.0,4.0,15.0,16.0,5.0,5.0,5.0,5.0,9.0,5.0,3.0,3.0,3.0
188148399,78.0,78.0,Graded,2022-12-02 13:11:28 -0600,00:00:00,0.0,1.0,4.0,15.0,16.0,5.0,5.0,5.0,5.0,9.0,5.0,3.0,3.0,3.0
258815820,78.0,78.0,Graded,2022-11-28 15:42:28 -0600,00:00:00,0.0,1.0,4.0,15.0,16.0,5.0,5.0,5.0,5.0,9.0,5.0,3.0,3.0,3.0
177969362,73.0,78.0,Graded,2022-12-02 16:25:47 -0600,00:00:00,0.0,1.0,4.0,15.0,16.0,5.0,5.0,0.0,5.0,9.0,5.0,3.0,3.0,3.0
200495348,78.0,78.0,Graded,2022-12-02 23:31:42 -0600,00:00:00,0.0,3.0,4.0,15.0,16.0,5.0,5.0,5.0,5.0,9.0,5.0,3.0,3.0,3.0
228387210,78.0,78.0,Graded,2022-11-30 22:20:40 -0600,00:00:00,0.0,1.0,4.0,15.0,16.0,5.0,5.0,5.0,5.0,9.0,5.0,3.0,3.0,3.0
177538742,78.0,78.0,Graded,2022-12-02 17:58:24 -0600,00:00:00,4.0,2.0,4.0,15.0,16.0,5.0,5.0,5.0,5.0,9.0,5.0,3.0,3.0,3.0
251182625,72.0,78.0,Graded,2022-11-30 09:55:43 -0600,00:00:00,1.0,3.0,4.0,15.0,16.0,5.0,2.0,2.0,5.0,9.0,5.0,3.0,3.0,3.0
897003650,72.0,78.0,Graded,2022-12-02 20:48:50 -0600,00:00:00,7.0,2.0,4.0,15.0,16.0,5.0,5.0,0.0,5.0,9.0,4.0,3.0,3.0,3.0
851445222,72.0,78.0,Graded,2022-12-02 23:46:58 -0600,00:00:00,4.0,3.0,4.0,15.0,16.0,3.5,5.0,0.5,5.0,9.0,5.0,3.0,3.0,3.0
980531633,71.0,78.0,Graded,2022-12-01 23:02:22 -0600,00:00:00,3.0,2.0,4.0,15.0,16.0,3.5,5.0,3.5,5.0,9.0,4.0,2.0,1.0,3.0
857674188,75.5,78.0,Graded,2022-12-02 20:44:29 -0600,00:00:00,0.0,2.0,4.0,15.0,16.0,3.5,4.0,5.0,5.0,9.0,5.0,3.0,3.0,3.0
636016277,78.0,78.0,Graded,2022-12-02 14:59:57 -0600,00:00:00,1.0,1.0,4.0,15.0,16.0,5.0,5.0,5.0,5.0,9.0,5.0,3.0,3.0,3.0
754161398,75.0,78.0,Graded,2022-12-02 21:57:06 -0600,00:00:00,0.0,1.0,4.0,15.0,16.0,5.0,5.0,5.0,5.0,6.0,5.0,3.0,3.0,3.0
488411601,78.0,78.0,Graded,2022-12-02 23:11:46 -0600,00:00:00,4.0,3.0,4.0,15.0,16.0,5.0,5.0,5.0,5.0,9.0,5.0,3.0,3.0,3.0
722597200,73.0,78.0,Graded,2022-12-02 21:52:32 -0600,00:00:00,0.0,1.0,4.0,15.0,16.0,5.0,5.0,0.0,5.0,9.0,5.0,3.0,3.0,3.0
147623686,77.0,78.0,Graded,2022-12-02 20:49:15 -0600,00:00:00,2.0,1.0,4.0,15.0,16.0,5.0,4.0,5.0,5.0,9.0,5.0,3.0,3.0,3.0
549089373,78.0,78.0,Graded,2022-11-30 21:21:07 -0600,00:00:00,0.0,1.0,4.0,15.0,16.0,5.0,5.0,5.0,5.0,9.0,5.0,3.0,3.0,3.0
706103987,74.5,78.0,Graded,2022-12-08 10:36:07 -0600,130:37:07,1.0,1.0,4.0,15.0,16.0,3.5,4.0,5.0,5.0,9.0,5.0,3.0,2.0,3.0
974175861,78.0,78.0,Graded,2022-12-02 18:48:35 -0600,00:00:00,0.0,3.0,4.0,15.0,16.0,5.0,5.0,5.0,5.0,9.0,5.0,3.0,3.0,3.0
341083491,71.0,78.0,Graded,2022-12-02 19:22:21 -0600,00:00:00,0.0,1.0,4.0,15.0,16.0,5.0,3.0,5.0,0.0,9.0,5.0,3.0,3.0,3.0
564894421,54.5,78.0,Graded,2022-12-02 23:23:41 -0600,00:00:00,0.0,1.0,4.0,15.0,16.0,3.5,5.0,0.0,0.0,0.0,5.0,3.0,0.0,3.0
183274315,64.5,78.0,Graded,2022-12-02 23:57:23 -0600,00:00:00,2.0,1.0,4.0,15.0,16.0,3.5,4.0,0.0,5.0,6.0,5.0,3.0,0.0,3.0
881416106,77.0,78.0,Graded,2022-12-02 22:00:47 -0600,00:00:00,1.0,1.0,3.0,15.0,16.0,5.0,5.0,5.0,5.0,9.0,5.0,3.0,3.0,3.0
781669299,77.0,78.0,Graded,2022-12-02 22:00:47 -0600,00:00:00,1.0,1.0,3.0,15.0,16.0,5.0,5.0,5.0,5.0,9.0,5.0,3.0,3.0,3.0
119077366,78.0,78.0,Graded,2022-12-02 20:00:31 -0600,00:00:00,1.0,2.0,4.0,15.0,16.0,5.0,5.0,5.0,5.0,9.0,5.0,3.0,3.0,3.0
834807552,78.0,78.0,Graded,2022-12-02 15:54:54 -0600,00:00:00,0.0,2.0,4.0,15.0,16.0,5.0,5.0,5.0,5.0,9.0,5.0,3.0,3.0,3.0
307090791,77.0,78.0,Graded,2022-12-02 00:38:57 -0600,00:00:00,4.0,1.0,4.0,15.0,16.0,5.0,5.0,5.0,5.0,9.0,4.0,3.0,3.0,3.0
540669649,76.5,78.0,Graded,2022-12-02 17:09:01 -0600,00:00:00,3.0,2.0,4.0,15.0,16.0,5.0,5.0,3.5,5.0,9.0,5.0,3.0,3.0,3.0
994769592,77.0,78.0,Graded,2022-12-02 22:51:37 -0600,00:00:00,1.0,1.0,4.0,15.0,16.0,5.0,4.0,5.0,5.0,9.0,5.0,3.0,3.0,3.0
936606317,70.0,78.0,Graded,2022-12-02 23:49:23 -0600,00:00:00,1.0,2.0,4.0,15.0,16.0,5.0,4.0,0.0,4.0,9.0,5.0,3.0,2.0,3.0
535181971,78.0,78.0,Graded,2022-12-02 11:54:20 -0600,00:00:00,0.0,2.0,4.0,15.0,16.0,5.0,5.0,5.0,5.0,9.0,5.0,3.0,3.0,3.0
265576960,77.0,78.0,Graded,2022-11-30 19:10:09 -0600,00:00:00,0.0,1.0,4.0,15.0,16.0,5.0,5.0,5.0,5.0,8.0,5.0,3.0,3.0,3.0
706684758,78.0,78.0,Graded,2022-12-02 23:05:03 -0600,00:00:00,0.0,3.0,4.0,15.0,16.0,5.0,5.0,5.0,5.0,9.0,5.0,3.0,3.0,3.0
262076393,76.0,78.0,Graded,2022-12-02 15:33:18 -0600,00:00:00,0.0,1.0,4.0,15.0,16.0,5.0,4.0,5.0,5.0,9.0,5.0,3.0,2.0,3.0
529096059,41.5,78.0,Graded,2022-12-02 23:56:27 -0600,00:00:00,9.0,1.0,2.5,15.0,16.0,0.0,0.0,0.0,0.0,0.0,4.0,1.0,0.0,3.0
831110918,78.0,78.0,Graded,2022-12-02 19:50:00 -0600,00:00:00,0.0,1.0,4.0,15.0,16.0,5.0,5.0,5.0,5.0,9.0,5.0,3.0,3.0,3.0
499452888,75.5,78.0,Graded,2022-12-01 20:05:31 -0600,00:00:00,0.0,2.0,4.0,15.0,16.0,5.0,5.0,3.5,5.0,8.0,5.0,3.0,3.0,3.0
305089579,73.0,78.0,Graded,2022-12-02 23:51:44 -0600,00:00:00,3.0,1.0,4.0,15.0,16.0,5.0,5.0,0.0,5.0,9.0,5.0,3.0,3.0,3.0
800103092,78.0,78.0,Graded,2022-11-29 11:12:34 -0600,00:00:00,1.0,2.0,4.0,15.0,16.0,5.0,5.0,5.0,5.0,9.0,5.0,3.0,3.0,3.0
226714695,78.0,78.0,Graded,2022-12-02 23:46:32 -0600,00:00:00,0.0,2.0,4.0,15.0,16.0,5.0,5.0,5.0,5.0,9.0,5.0,3.0,3.0,3.0
382807776,78.0,78.0,Graded,2022-12-02 17:05:40 -0600,00:00:00,0.0,1.0,4.0,15.0,16.0,5.0,5.0,5.0,5.0,9.0,5.0,3.0,3.0,3.0
538095794,74.0,78.0,Graded,2022-12-03 14:53:13 -0600,14:54:13,0.0,1.0,4.0,15.0,16.0,5.0,4.0,2.0,5.0,9.0,5.0,3.0,3.0,3.0
391282183,78.0,78.0,Graded,2022-12-01 17:06:45 -0600,00:00:00,0.0,3.0,4.0,15.0,16.0,5.0,5.0,5.0,5.0,9.0,5.0,3.0,3.0,3.0
761663525,77.0,78.0,Graded,2022-12-02 23:28:18 -0600,00:00:00,3.0,2.0,3.0,15.0,16.0,5.0,5.0,5.0,5.0,9.0,5.0,3.0,3.0,3.0
253357219,78.0,78.0,Graded,2022-12-02 23:52:26 -0600,00:00:00,1.0,1.0,4.0,15.0,16.0,5.0,5.0,5.0,5.0,9.0,5.0,3.0,3.0,3.0
158082447,74.0,78.0,Graded,2022-11-29 19:30:42 -0600,00:00:00,3.0,3.0,4.0,15.0,16.0,5.0,5.0,2.0,5.0,8.0,5.0,3.0,3.0,3.0
654272102,72.0,78.0,Graded,2022-12-02 21:15:15 -0600,00:00:00,1.0,1.0,4.0,15.0,16.0,3.5,5.0,0.5,5.0,9.0,5.0,3.0,3.0,3.0
242433745,75.5,78.0,Graded,2022-12-02 20:30:28 -0600,00:00:00,0.0,1.0,4.0,15.0,16.0,3.5,4.0,5.0,5.0,9.0,5.0,3.0,3.0,3.0
748668207,78.0,78.0,Graded,2022-12-02 22:59:22 -0600,00:00:00,0.0,1.0,4.0,15.0,16.0,5.0,5.0,5.0,5.0,9.0,5.0,3.0,3.0,3.0
416498814,78.0,78.0,Graded,2022-12-02 23:04:22 -0600,00:00:00,1.0,1.0,4.0,15.0,16.0,5.0,5.0,5.0,5.0,9.0,5.0,3.0,3.0,3.0
714416096,77.0,78.0,Graded,2022-12-02 23:52:55 -0600,00:00:00,3.0,1.0,4.0,15.0,16.0,5.0,5.0,5.0,5.0,9.0,4.0,3.0,3.0,3.0
803783009,78.0,78.0,Graded,2022-12-02 18:40:47 -0600,00:00:00,1.0,1.0,4.0,15.0,16.0,5.0,5.0,5.0,5.0,9.0,5.0,3.0,3.0,3.0
422591545,71.5,78.0,Graded,2022-12-02 23:59:59 -0600,00:00:59,4.0,1.0,4.0,15.0,16.0,3.5,5.0,0.0,5.0,9.0,5.0,3.0,3.0,3.0
979704902,66.0,78.0,Graded,2022-12-01 20:22:31 -0600,00:00:00,0.0,1.0,4.0,15.0,16.0,5.0,5.0,0.0,3.0,4.0,5.0,3.0,3.0,3.0
526557461,78.0,78.0,Graded,2022-12-02 22:24:14 -0600,00:00:00,0.0,1.0,4.0,15.0,16.0,5.0,5.0,5.0,5.0,9.0,5.0,3.0,3.0,3.0
599867770,77.0,78.0,Graded,2022-11-30 17:20:08 -0600,00:00:00,1.0,1.0,4.0,15.0,16.0,5.0,5.0,5.0,5.0,9.0,4.0,3.0,3.0,3.0
918749665,78.0,78.0,Graded,2022-11-27 13:31:51 -0600,00:00:00,0.0,2.0,4.0,15.0,16.0,5.0,5.0,5.0,5.0,9.0,5.0,3.0,3.0,3.0
959883566,77.0,78.0,Graded,2022-12-02 23:58:33 -0600,00:00:00,2.0,2.0,4.0,15.0,16.0,5.0,5.0,5.0,5.0,9.0,5.0,3.0,2.0,3.0
597567139,78.0,78.0,Graded,2022-12-01 22:48:29 -0600,00:00:00,1.0,1.0,4.0,15.0,16.0,5.0,5.0,5.0,5.0,9.0,5.0,3.0,3.0,3.0
103516833,73.0,78.0,Graded,2022-12-02 22:50:56 -0600,00:00:00,0.0,1.0,4.0,15.0,16.0,5.0,5.0,0.0,5.0,9.0,5.0,3.0,3.0,3.0
992611871,78.0,78.0,Graded,2022-12-02 23:10:49 -0600,00:00:00,0.0,1.0,4.0,15.0,16.0,5.0,5.0,5.0,5.0,9.0,5.0,3.0,3.0,3.0
583945776,78.0,78.0,Graded,2022-11-30 09:29:24 -0600,00:00:00,0.0,1.0,4.0,15.0,16.0,5.0,5.0,5.0,5.0,9.0,5.0,3.0,3.0,3.0
468351365,78.0,78.0,Graded,2022-12-01 18:14:01 -0600,00:00:00,1.0,1.0,4.0,15.0,16.0,5.0,5.0,5.0,5.0,9.0,5.0,3.0,3.0,3.0
829757696,78.0,78.0,Graded,2022-12-02 20:14:12 -0600,00:00:00,0.0,1.0,4.0,15.0,16.0,5.0,5.0,5.0,5.0,9.0,5.0,3.0,3.0,3.0
828110959,77.0,78.0,Graded,2022-12-02 19:27:27 -0600,00:00:00,2.0,2.0,4.0,15.0,16.0,5.0,5.0,5.0,5.0,9.0,4.0,3.0,3.0,3.0
818120983,78.0,78.0,Graded,2022-12-02 21:43:40 -0600,00:00:00,3.0,2.0,4.0,15.0,16.0,5.0,5.0,5.0,5.0,9.0,5.0,3.0,3.0,3.0
122086878,76.5,78.0,Graded,2022-12-02 23:28:10 -0600,00:00:00,3.0,3.0,4.0,15.0,16.0,3.5,5.0,5.0,5.0,9.0,5.0,3.0,3.0,3.0
992179622,76.0,78.0,Graded,2022-12-01 10:00:58 -0600,00:00:00,2.0,1.0,4.0,15.0,16.0,5.0,5.0,3.0,5.0,9.0,5.0,3.0,3.0,3.0
580872504,78.0,78.0,Graded,2022-12-01 13:53:21 -0600,00:00:00,1.0,1.0,4.0,15.0,16.0,5.0,5.0,5.0,5.0,9.0,5.0,3.0,3.0,3.0
340015460,78.0,78.0,Graded,2022-12-02 14:44:27 -0600,00:00:00,1.0,1.0,4.0,15.0,16.0,5.0,5.0,5.0,5.0,9.0,5.0,3.0,3.0,3.0
315771604,76.0,78.0,Graded,2022-11-30 19:04:06 -0600,00:00:00,1.0,1.0,4.0,15.0,16.0,5.0,4.0,5.0,5.0,9.0,4.0,3.0,3.0,3.0
287997147,78.0,78.0,Graded,2022-12-02 23:58:14 -0600,00:00:00,4.0,1.0,4.0,15.0,16.0,5.0,5.0,5.0,5.0,9.0,5.0,3.0,3.0,3.0
934612942,74.0,78.0,Graded,2022-12-02 13:21:41 -0600,00:00:00,8.0,1.0,4.0,15.0,16.0,3.5,4.0,3.5,5.0,9.0,5.0,3.0,3.0,3.0
237280992,77.0,78.0,Graded,2022-12-02 19:19:17 -0600,00:00:00,1.0,1.0,4.0,15.0,16.0,5.0,5.0,5.0,5.0,9.0,5.0,3.0,2.0,3.0
587634781,74.5,78.0,Graded,2022-12-01 22:39:14 -0600,00:00:00,1.0,2.0,4.0,15.0,16.0,5.0,5.0,1.5,5.0,9.0,5.0,3.0,3.0,3.0
734458226,75.5,78.0,Graded,2022-12-02 23:40:59 -0600,00:00:00,4.0,3.0,4.0,15.0,16.0,5.0,5.0,3.5,5.0,9.0,4.0,3.0,3.0,3.0
286960191,76.0,78.0,Graded,2022-12-03 22:24:44 -0600,22:25:44,0.0,2.0,4.0,15.0,16.0,5.0,5.0,5.0,5.0,9.0,4.0,3.0,2.0,3.0
807600492,68.0,78.0,Graded,2022-12-02 22:10:37 -0600,00:00:00,0.0,1.0,4.0,15.0,16.0,3.5,5.0,3.5,3.0,5.0,5.0,3.0,2.0,3.0
915813150,78.0,78.0,Graded,2022-11-29 15:56:33 -0600,00:00:00,0.0,1.0,4.0,15.0,16.0,5.0,5.0,5.0,5.0,9.0,5.0,3.0,3.0,3.0
944383529,77.0,78.0,Graded,2022-12-01 04:20:42 -0600,00:00:00,3.0,1.0,4.0,15.0,16.0,5.0,5.0,5.0,5.0,9.0,4.0,3.0,3.0,3.0
114562364,78.0,78.0,Graded,2022-12-02 18:40:07 -0600,00:00:00,0.0,2.0,4.0,15.0,16.0,5.0,5.0,5.0,5.0,9.0,5.0,3.0,3.0,3.0
995177563,72.0,78.0,Graded,2022-12-02 22:27:14 -0600,00:00:00,1.0,2.0,4.0,15.0,16.0,5.0,5.0,0.0,5.0,9.0,4.0,3.0,3.0,3.0
827900608,76.5,78.0,Graded,2022-12-02 23:08:27 -0600,00:00:00,0.0,1.0,4.0,15.0,16.0,5.0,5.0,3.5,5.0,9.0,5.0,3.0,3.0,3.0
328478800,77.0,78.0,Graded,2022-12-02 18:32:00 -0600,00:00:00,1.0,1.0,4.0,15.0,16.0,5.0,4.0,5.0,5.0,9.0,5.0,3.0,3.0,3.0
606523192,77.0,78.0,Graded,2022-12-02 07:47:44 -0600,00:00:00,0.0,1.0,4.0,15.0,16.0,5.0,5.0,5.0,5.0,8.0,5.0,3.0,3.0,3.0
909619050,78.0,78.0,Graded,2022-12-02 23:54:48 -0600,00:00:00,1.0,1.0,4.0,15.0,16.0,5.0,5.0,5.0,5.0,9.0,5.0,3.0,3.0,3.0
148568617,77.0,78.0,Graded,2022-11-26 16:56:09 -0600,00:00:00,2.0,1.0,4.0,15.0,16.0,5.0,4.0,5.0,5.0,9.0,5.0,3.0,3.0,3.0
654614175,78.0,78.0,Graded,2022-12-02 21:07:30 -0600,00:00:00,1.0,1.0,4.0,15.0,16.0,5.0,5.0,5.0,5.0,9.0,5.0,3.0,3.0,3.0
829664514,73.5,78.0,Graded,2022-12-02 23:56:13 -0600,00:00:00,1.0,1.0,4.0,15.0,16.0,5.0,5.0,3.5,5.0,9.0,5.0,3.0,0.0,3.0
803321204,78.0,78.0,Graded,2022-12-01 12:39:25 -0600,00:00:00,3.0,3.0,4.0,15.0,16.0,5.0,5.0,5.0,5.0,9.0,5.0,3.0,3.0,3.0
287532404,76.0,78.0,Graded,2022-12-02 00:26:55 -0600,00:00:00,1.0,1.0,4.0,15.0,16.0,5.0,5.0,5.0,5.0,9.0,5.0,1.0,3.0,3.0
604876819,77.0,78.0,Graded,2022-12-02 17:16:51 -0600,00:00:00,1.0,2.0,4.0,15.0,16.0,5.0,5.0,5.0,5.0,9.0,5.0,3.0,2.0,3.0
251388393,78.0,78.0,Graded,2022-12-02 16:04:44 -0600,00:00:00,2.0,3.0,4.0,15.0,16.0,5.0,5.0,5.0,5.0,9.0,5.0,3.0,3.0,3.0
549851463,78.0,78.0,Graded,2022-12-02 16:13:43 -0600,00:00:00,0.0,1.0,4.0,15.0,16.0,5.0,5.0,5.0,5.0,9.0,5.0,3.0,3.0,3.0
802011554,78.0,78.0,Graded,2022-11-30 14:57:24 -0600,00:00:00,2.0,1.0,4.0,15.0,16.0,5.0,5.0,5.0,5.0,9.0,5.0,3.0,3.0,3.0
635747278,76.0,78.0,Graded,2022-12-02 23:12:01 -0600,00:00:00,0.0,1.0,4.0,15.0,16.0,5.0,4.0,5.0,5.0,9.0,5.0,3.0,2.0,3.0
827611327,76.0,78.0,Graded,2022-11-29 17:11:40 -0600,00:00:00,1.0,2.0,4.0,15.0,16.0,5.0,4.0,5.0,5.0,9.0,4.0,3.0,3.0,3.0
981101538,78.0,78.0,Graded,2022-12-02 16:09:02 -0600,00:00:00,1.0,1.0,4.0,15.0,16.0,5.0,5.0,5.0,5.0,9.0,5.0,3.0,3.0,3.0
987928730,78.0,78.0,Graded,2022-12-02 23:08:38 -0600,00:00:00,7.0,1.0,4.0,15.0,16.0,5.0,5.0,5.0,5.0,9.0,5.0,3.0,3.0,3.0
200028206,78.0,78.0,Graded,2022-12-02 20:53:22 -0600,00:00:00,6.0,2.0,4.0,15.0,16.0,5.0,5.0,5.0,5.0,9.0,5.0,3.0,3.0,3.0
367317839,78.0,78.0,Graded,2022-11-29 15:49:46 -0600,00:00:00,1.0,2.0,4.0,15.0,16.0,5.0,5.0,5.0,5.0,9.0,5.0,3.0,3.0,3.0
155851248,78.0,78.0,Graded,2022-12-02 22:56:55 -0600,00:00:00,0.0,1.0,4.0,15.0,16.0,5.0,5.0,5.0,5.0,9.0,5.0,3.0,3.0,3.0
320001219,78.0,78.0,Graded,2022-12-02 22:37:05 -0600,00:00:00,1.0,1.0,4.0,15.0,16.0,5.0,5.0,5.0,5.0,9.0,5.0,3.0,3.0,3.0
806095004,76.5,78.0,Graded,2022-12-08 11:40:43 -0600,131:41:43,1.0,1.0,4.0,15.0,16.0,5.0,5.0,3.5,5.0,9.0,5.0,3.0,3.0,3.0
794981163,78.0,78.0,Graded,2022-12-02 20:05:14 -0600,00:00:00,0.0,2.0,4.0,15.0,16.0,5.0,5.0,5.0,5.0,9.0,5.0,3.0,3.0,3.0
912932855,78.0,78.0,Graded,2022-11-30 19:42:53 -0600,00:00:00,1.0,1.0,4.0,15.0,16.0,5.0,5.0,5.0,5.0,9.0,5.0,3.0,3.0,3.0
500762519,76.5,78.0,Graded,2022-12-02 23:51:48 -0600,00:00:00,1.0,1.0,4.0,15.0,16.0,3.5,5.0,5.0,5.0,9.0,5.0,3.0,3.0,3.0
973763888,77.0,78.0,Graded,2022-11-29 10:07:27 -0600,00:00:00,0.0,2.0,4.0,15.0,16.0,5.0,5.0,5.0,5.0,9.0,4.0,3.0,3.0,3.0
170991668,78.0,78.0,Graded,2022-12-01 21:33:27 -0600,00:00:00,1.0,1.0,4.0,15.0,16.0,5.0,5.0,5.0,5.0,9.0,5.0,3.0,3.0,3.0
259154711,78.0,78.0,Graded,2022-12-02 21:47:54 -0600,00:00:00,1.0,1.0,4.0,15.0,16.0,5.0,5.0,5.0,5.0,9.0,5.0,3.0,3.0,3.0
853027552,78.0,78.0,Graded,2022-11-30 16:44:15 -0600,00:00:00,0.0,1.0,4.0,15.0,16.0,5.0,5.0,5.0,5.0,9.0,5.0,3.0,3.0,3.0
612832753,72.5,78.0,Graded,2022-12-02 19:32:40 -0600,00:00:00,1.0,2.0,4.0,15.0,16.0,3.5,5.0,5.0,5.0,5.0,5.0,3.0,3.0,3.0
113289517,68.5,78.0,Graded,2022-12-02 20:52:48 -0600,00:00:00,1.0,2.0,4.0,15.0,16.0,3.5,5.0,0.0,5.0,6.0,5.0,3.0,3.0,3.0
823906653,77.0,78.0,Graded,2022-12-02 11:39:43 -0600,00:00:00,1.0,2.0,4.0,15.0,16.0,5.0,4.0,5.0,5.0,9.0,5.0,3.0,3.0,3.0
543773582,78.0,78.0,Graded,2022-12-02 23:23:39 -0600,00:00:00,4.0,2.0,4.0,15.0,16.0,5.0,5.0,5.0,5.0,9.0,5.0,3.0,3.0,3.0
624396569,78.0,78.0,Graded,2022-11-30 17:05:18 -0600,00:00:00,0.0,3.0,4.0,15.0,16.0,5.0,5.0,5.0,5.0,9.0,5.0,3.0,3.0,3.0
498220528,72.0,78.0,Graded,2022-12-01 16:54:59 -0600,00:00:00,4.0,2.0,4.0,15.0,16.0,5.0,5.0,3.0,5.0,5.0,5.0,3.0,3.0,3.0
507273770,75.0,78.0,Graded,2022-12-02 19:49:38 -0600,00:00:00,1.0,1.0,4.0,15.0,16.0,5.0,5.0,2.0,5.0,9.0,5.0,3.0,3.0,3.0
582804068,78.0,78.0,Graded,2022-12-02 23:51:08 -0600,00:00:00,1.0,1.0,4.0,15.0,16.0,5.0,5.0,5.0,5.0,9.0,5.0,3.0,3.0,3.0
241288793,75.0,78.0,Graded,2022-12-02 16:17:12 -0600,00:00:00,1.0,1.0,4.0,15.0,16.0,5.0,5.0,2.0,5.0,9.0,5.0,3.0,3.0,3.0
977027424,75.5,78.0,Graded,2022-12-02 23:13:39 -0600,00:00:00,0.0,1.0,4.0,15.0,16.0,3.5,5.0,5.0,5.0,8.0,5.0,3.0,3.0,3.0
799911481,71.0,78.0,Graded,2022-12-02 22:14:15 -0600,00:00:00,1.0,1.0,4.0,15.0,16.0,5.0,5.0,0.0,5.0,8.0,4.0,3.0,3.0,3.0
820492858,73.0,78.0,Graded,2022-12-02 19:17:33 -0600,00:00:00,0.0,1.0,2.0,15.0,16.0,5.0,3.0,5.0,5.0,8.0,5.0,3.0,3.0,3.0
567174326,73.0,78.0,Graded,2022-12-02 20:53:25 -0600,00:00:00,0.0,1.0,3.0,15.0,16.0,3.5,5.0,3.5,5.0,9.0,5.0,3.0,2.0,3.0
827903731,75.0,78.0,Graded,2022-11-30 17:36:17 -0600,00:00:00,2.0,2.0,4.0,15.0,16.0,5.0,5.0,2.0,5.0,9.0,5.0,3.0,3.0,3.0
766195530,75.5,78.0,Graded,2022-12-02 16:06:08 -0600,00:00:00,1.0,1.0,4.0,15.0,16.0,5.0,5.0,3.5,5.0,8.0,5.0,3.0,3.0,3.0
760982848,72.5,78.0,Graded,2022-12-02 22:41:12 -0600,00:00:00,0.0,1.0,1.0,15.0,16.0,3.5,4.0,5.0,5.0,9.0,5.0,3.0,3.0,3.0
175804971,75.0,78.0,Graded,2022-12-02 22:39:38 -0600,00:00:00,2.0,1.0,1.0,15.0,16.0,5.0,5.0,5.0,5.0,9.0,5.0,3.0,3.0,3.0
450838843,71.5,78.0,Graded,2022-12-02 20:28:26 -0600,00:00:00,2.0,1.0,4.0,15.0,16.0,3.5,5.0,0.0,5.0,9.0,5.0,3.0,3.0,3.0
228504431,78.0,78.0,Graded,2022-12-02 23:59:35 -0600,00:00:35,0.0,1.0,4.0,15.0,16.0,5.0,5.0,5.0,5.0,9.0,5.0,3.0,3.0,3.0
172025158,78.0,78.0,Graded,2022-12-02 23:47:41 -0600,00:00:00,1.0,2.0,4.0,15.0,16.0,5.0,5.0,5.0,5.0,9.0,5.0,3.0,3.0,3.0
617072763,50.0,78.0,Graded,2022-12-02 23:52:58 -0600,00:00:00,2.0,1.0,4.0,15.0,16.0,5.0,0.0,0.0,0.0,0.0,4.0,3.0,0.0,3.0
205298298,78.0,78.0,Graded,2022-12-02 16:11:15 -0600,00:00:00,1.0,4.0,4.0,15.0,16.0,5.0,5.0,5.0,5.0,9.0,5.0,3.0,3.0,3.0
271322090,78.0,78.0,Graded,2022-12-02 19:18:50 -0600,00:00:00,1.0,1.0,4.0,15.0,16.0,5.0,5.0,5.0,5.0,9.0,5.0,3.0,3.0,3.0
874987678,76.5,78.0,Graded,2022-11-30 22:14:01 -0600,00:00:00,1.0,1.0,4.0,15.0,16.0,5.0,5.0,3.5,5.0,9.0,5.0,3.0,3.0,3.0
344244488,78.0,78.0,Graded,2022-12-01 19:39:29 -0600,00:00:00,1.0,1.0,4.0,15.0,16.0,5.0,5.0,5.0,5.0,9.0,5.0,3.0,3.0,3.0
596322861,78.0,78.0,Graded,2022-12-02 23:34:28 -0600,00:00:00,1.0,1.0,4.0,15.0,16.0,5.0,5.0,5.0,5.0,9.0,5.0,3.0,3.0,3.0
844072779,77.0,78.0,Graded,2022-12-02 22:16:42 -0600,00:00:00,2.0,1.0,4.0,15.0,16.0,5.0,5.0,5.0,5.0,9.0,4.0,3.0,3.0,3.0
789354791,72.5,78.0,Graded,2022-12-01 14:07:22 -0600,00:00:00,1.0,1.0,1.0,15.0,16.0,5.0,5.0,3.5,5.0,8.0,5.0,3.0,3.0,3.0
712401694,75.5,78.0,Graded,2022-12-02 23:09:12 -0600,00:00:00,1.0,1.0,4.0,15.0,16.0,5.0,4.0,3.5,5.0,9.0,5.0,3.0,3.0,3.0
469327354,75.5,78.0,Graded,2022-12-02 21:10:12 -0600,00:00:00,1.0,1.0,4.0,15.0,16.0,3.5,5.0,5.0,5.0,9.0,5.0,3.0,2.0,3.0
224722605,78.0,78.0,Graded,2022-12-02 17:57:13 -0600,00:00:00,0.0,1.0,4.0,15.0,16.0,5.0,5.0,5.0,5.0,9.0,5.0,3.0,3.0,3.0
975894419,78.0,78.0,Graded,2022-12-02 23:28:35 -0600,00:00:00,0.0,2.0,4.0,15.0,16.0,5.0,5.0,5.0,5.0,9.0,5.0,3.0,3.0,3.0
347004012,75.0,78.0,Graded,2022-12-02 23:44:34 -0600,00:00:00,5.0,2.0,4.0,15.0,16.0,5.0,5.0,5.0,5.0,9.0,5.0,3.0,0.0,3.0
202503529,73.0,78.0,Graded,2022-12-02 23:53:10 -0600,00:00:00,2.0,1.0,4.0,15.0,16.0,5.0,5.0,0.0,5.0,9.0,5.0,3.0,3.0,3.0
109676668,78.0,78.0,Graded,2022-12-02 09:36:39 -0600,00:00:00,1.0,1.0,4.0,15.0,16.0,5.0,5.0,5.0,5.0,9.0,5.0,3.0,3.0,3.0
612288045,72.0,78.0,Graded,2022-12-02 21:21:51 -0600,00:00:00,2.0,1.0,4.0,15.0,16.0,3.5,5.0,0.5,5.0,9.0,5.0,3.0,3.0,3.0
592063653,78.0,78.0,Graded,2022-12-02 19:52:48 -0600,00:00:00,1.0,2.0,4.0,15.0,16.0,5.0,5.0,5.0,5.0,9.0,5.0,3.0,3.0,3.0
703728651,76.5,78.0,Graded,2022-12-01 21:27:29 -0600,00:00:00,0.0,2.0,4.0,15.0,16.0,3.5,5.0,5.0,5.0,9.0,5.0,3.0,3.0,3.0
451874760,78.0,78.0,Graded,2022-12-02 20:39:19 -0600,00:00:00,1.0,2.0,4.0,15.0,16.0,5.0,5.0,5.0,5.0,9.0,5.0,3.0,3.0,3.0
646355412,78.0,78.0,Graded,2022-12-02 23:51:09 -0600,00:00:00,1.0,1.0,4.0,15.0,16.0,5.0,5.0,5.0,5.0,9.0,5.0,3.0,3.0,3.0
812260068,74.5,78.0,Graded,2022-12-02 20:42:00 -0600,00:00:00,1.0,2.0,4.0,15.0,16.0,5.0,4.0,3.5,5.0,9.0,4.0,3.0,3.0,3.0
951481595,78.0,78.0,Graded,2022-12-02 14:16:19 -0600,00:00:00,2.0,2.0,4.0,15.0,16.0,5.0,5.0,5.0,5.0,9.0,5.0,3.0,3.0,3.0
921076154,66.5,78.0,Graded,2022-12-02 23:01:28 -0600,00:00:00,6.0,3.0,4.0,15.0,16.0,3.5,5.0,0.0,0.0,9.0,5.0,3.0,3.0,3.0
613579952,78.0,78.0,Graded,2022-12-02 19:10:16 -0600,00:00:00,0.0,1.0,4.0,15.0,16.0,5.0,5.0,5.0,5.0,9.0,5.0,3.0,3.0,3.0
795533292,78.0,78.0,Graded,2022-12-02 22:17:07 -0600,00:00:00,5.0,1.0,4.0,15.0,16.0,5.0,5.0,5.0,5.0,9.0,5.0,3.0,3.0,3.0
961061035,68.5,78.0,Graded,2022-12-01 19:55:03 -0600,00:00:00,0.0,1.0,4.0,15.0,16.0,2.5,5.0,0.0,5.0,8.0,5.0,3.0,2.0,3.0
524269695,19.0,78.0,Graded,2022-12-02 23:58:58 -0600,00:00:00,2.0,1.0,4.0,10.0,0.0,0.0,4.0,0.0,0.0,0.0,0.0,0.0,0.0,1.0
618644141,78.0,78.0,Graded,2022-12-02 23:53:09 -0600,00:00:00,0.0,1.0,4.0,15.0,16.0,5.0,5.0,5.0,5.0,9.0,5.0,3.0,3.0,3.0
927131401,75.5,78.0,Graded,2022-12-02 21:25:30 -0600,00:00:00,0.0,2.0,3.0,15.0,16.0,3.5,5.0,5.0,5.0,9.0,5.0,3.0,3.0,3.0
512795474,78.0,78.0,Graded,2022-12-02 22:49:15 -0600,00:00:00,2.0,2.0,4.0,15.0,16.0,5.0,5.0,5.0,5.0,9.0,5.0,3.0,3.0,3.0
331964985,78.0,78.0,Graded,2022-12-01 20:13:07 -0600,00:00:00,0.0,1.0,4.0,15.0,16.0,5.0,5.0,5.0,5.0,9.0,5.0,3.0,3.0,3.0
855495962,76.5,78.0,Graded,2022-12-02 00:17:17 -0600,00:00:00,2.0,1.0,4.0,15.0,16.0,5.0,5.0,3.5,5.0,9.0,5.0,3.0,3.0,3.0
998650703,47.0,78.0,Graded,2022-12-02 19:12:33 -0600,00:00:00,0.0,1.0,3.0,15.0,16.0,5.0,0.0,0.0,5.0,0.0,0.0,0.0,0.0,3.0
779856123,77.0,78.0,Graded,2022-12-02 21:53:35 -0600,00:00:00,2.0,1.0,4.0,15.0,16.0,5.0,5.0,5.0,5.0,8.0,5.0,3.0,3.0,3.0
448105180,66.5,78.0,Graded,2022-12-02 23:12:39 -0600,00:00:00,0.0,1.0,1.0,15.0,16.0,3.5,3.0,2.0,3.0,9.0,5.0,3.0,3.0,3.0
152653717,78.0,78.0,Graded,2022-12-02 23:58:02 -0600,00:00:00,3.0,1.0,4.0,15.0,16.0,5.0,5.0,5.0,5.0,9.0,5.0,3.0,3.0,3.0
869335817,76.5,78.0,Graded,2022-12-02 23:23:40 -0600,00:00:00,0.0,1.0,4.0,15.0,16.0,5.0,5.0,3.5,5.0,9.0,5.0,3.0,3.0,3.0
663677168,78.0,78.0,Graded,2022-12-02 23:57:21 -0600,00:00:00,0.0,1.0,4.0,15.0,16.0,5.0,5.0,5.0,5.0,9.0,5.0,3.0,3.0,3.0
612588975,78.0,78.0,Graded,2022-11-29 03:24:21 -0600,00:00:00,0.0,2.0,4.0,15.0,16.0,5.0,5.0,5.0,5.0,9.0,5.0,3.0,3.0,3.0
194767716,78.0,78.0,Graded,2022-12-02 22:23:40 -0600,00:00:00,1.0,2.0,4.0,15.0,16.0,5.0,5.0,5.0,5.0,9.0,5.0,3.0,3.0,3.0
413697324,78.0,78.0,Graded,2022-12-02 00:54:25 -0600,00:00:00,3.0,2.0,4.0,15.0,16.0,5.0,5.0,5.0,5.0,9.0,5.0,3.0,3.0,3.0
295082527,74.5,78.0,Graded,2022-12-02 19:58:47 -0600,00:00:00,0.0,1.0,4.0,15.0,16.0,3.5,3.0,5.0,5.0,9.0,5.0,3.0,3.0,3.0
820436799,77.0,78.0,Graded,2022-12-02 19:26:07 -0600,00:00:00,1.0,1.0,4.0,15.0,16.0,5.0,5.0,5.0,5.0,9.0,5.0,3.0,2.0,3.0
818032069,51.0,78.0,Graded,2022-12-02 23:56:36 -0600,00:00:00,0.0,1.0,4.0,15.0,16.0,0.0,4.0,0.0,0.0,0.0,4.0,3.0,2.0,3.0
140341082,78.0,78.0,Graded,2022-12-01 11:20:52 -0600,00:00:00,3.0,1.0,4.0,15.0,16.0,5.0,5.0,5.0,5.0,9.0,5.0,3.0,3.0,3.0
959944273,75.0,78.0,Graded,2022-12-02 20:00:35 -0600,00:00:00,1.0,1.0,4.0,15.0,16.0,3.5,5.0,3.5,5.0,9.0,5.0,3.0,3.0,3.0
737209238,78.0,78.0,Graded,2022-12-02 19:23:23 -0600,00:00:00,0.0,2.0,4.0,15.0,16.0,5.0,5.0,5.0,5.0,9.0,5.0,3.0,3.0,3.0
789619419,78.0,78.0,Graded,2022-12-01 23:58:44 -0600,00:00:00,1.0,1.0,4.0,15.0,16.0,5.0,5.0,5.0,5.0,9.0,5.0,3.0,3.0,3.0
409608341,78.0,78.0,Graded,2022-12-01 19:29:20 -0600,00:00:00,3.0,4.0,4.0,15.0,16.0,5.0,5.0,5.0,5.0,9.0,5.0,3.0,3.0,3.0
670589436,78.0,78.0,Graded,2022-12-02 20:59:38 -0600,00:00:00,2.0,1.0,4.0,15.0,16.0,5.0,5.0,5.0,5.0,9.0,5.0,3.0,3.0,3.0
528283788,76.0,78.0,Graded,2022-12-01 04:01:50 -0600,00:00:00,0.0,2.0,4.0,15.0,16.0,5.0,4.0,5.0,5.0,8.0,5.0,3.0,3.0,3.0
387775822,78.0,78.0,Graded,2022-11-28 23:48:51 -0600,00:00:00,0.0,1.0,4.0,15.0,16.0,5.0,5.0,5.0,5.0,9.0,5.0,3.0,3.0,3.0
435513629,78.0,78.0,Graded,2022-12-02 19:21:11 -0600,00:00:00,1.0,2.0,4.0,15.0,16.0,5.0,5.0,5.0,5.0,9.0,5.0,3.0,3.0,3.0
933263408,78.0,78.0,Graded,2022-12-02 19:54:31 -0600,00:00:00,1.0,2.0,4.0,15.0,16.0,5.0,5.0,5.0,5.0,9.0,5.0,3.0,3.0,3.0
334276170,78.0,78.0,Graded,2022-11-30 17:52:22 -0600,00:00:00,0.0,1.0,4.0,15.0,16.0,5.0,5.0,5.0,5.0,9.0,5.0,3.0,3.0,3.0
629529492,78.0,78.0,Graded,2022-12-01 16:48:53 -0600,00:00:00,1.0,1.0,4.0,15.0,16.0,5.0,5.0,5.0,5.0,9.0,5.0,3.0,3.0,3.0
686563160,78.0,78.0,Graded,2022-12-02 19:04:00 -0600,00:00:00,0.0,1.0,4.0,15.0,16.0,5.0,5.0,5.0,5.0,9.0,5.0,3.0,3.0,3.0
739219874,77.0,78.0,Graded,2022-12-02 00:39:34 -0600,00:00:00,1.0,1.0,4.0,15.0,16.0,5.0,5.0,5.0,5.0,9.0,4.0,3.0,3.0,3.0
394932001,76.5,78.0,Graded,2022-12-01 20:49:42 -0600,00:00:00,0.0,1.0,4.0,15.0,16.0,3.5,5.0,5.0,5.0,9.0,5.0,3.0,3.0,3.0
239659876,77.0,78.0,Graded,2022-12-02 23:56:08 -0600,00:00:00,1.0,2.0,4.0,15.0,16.0,5.0,4.0,5.0,5.0,9.0,5.0,3.0,3.0,3.0
312992693,78.0,78.0,Graded,2022-12-02 23:56:34 -0600,00:00:00,2.0,1.0,4.0,15.0,16.0,5.0,5.0,5.0,5.0,9.0,5.0,3.0,3.0,3.0
269388788,78.0,78.0,Graded,2022-12-02 21:46:45 -0600,00:00:00,1.0,1.0,4.0,15.0,16.0,5.0,5.0,5.0,5.0,9.0,5.0,3.0,3.0,3.0
431198619,77.0,78.0,Graded,2022-12-02 18:39:17 -0600,00:00:00,1.0,1.0,4.0,15.0,16.0,5.0,4.0,5.0,5.0,9.0,5.0,3.0,3.0,3.0
987271395,78.0,78.0,Graded,2022-12-02 23:43:09 -0600,00:00:00,0.0,1.0,4.0,15.0,16.0,5.0,5.0,5.0,5.0,9.0,5.0,3.0,3.0,3.0
484369130,78.0,78.0,Graded,2022-12-02 23:49:50 -0600,00:00:00,2.0,2.0,4.0,15.0,16.0,5.0,5.0,5.0,5.0,9.0,5.0,3.0,3.0,3.0
528167595,78.0,78.0,Graded,2022-12-02 18:49:38 -0600,00:00:00,2.0,2.0,4.0,15.0,16.0,5.0,5.0,5.0,5.0,9.0,5.0,3.0,3.0,3.0
443524764,76.5,78.0,Graded,2022-12-01 00:10:55 -0600,00:00:00,1.0,1.0,4.0,15.0,16.0,5.0,5.0,3.5,5.0,9.0,5.0,3.0,3.0,3.0
173907334,75.5,78.0,Graded,2022-12-03 00:00:02 -0600,00:01:02,1.0,1.0,4.0,15.0,16.0,3.5,5.0,5.0,5.0,9.0,5.0,2.0,3.0,3.0
692457537,73.5,78.0,Graded,2022-12-02 23:10:39 -0600,00:00:00,0.0,1.0,4.0,15.0,16.0,5.0,5.0,3.5,5.0,9.0,5.0,3.0,0.0,3.0
538465676,75.0,78.0,Graded,2022-12-02 23:38:44 -0600,00:00:00,1.0,1.0,4.0,15.0,16.0,5.0,5.0,5.0,5.0,6.0,5.0,3.0,3.0,3.0
591072381,64.0,78.0,Graded,2022-12-02 23:52:20 -0600,00:00:00,0.0,1.0,4.0,15.0,16.0,5.0,5.0,2.0,5.0,9.0,0.0,0.0,0.0,3.0
776100277,73.0,78.0,Graded,2022-12-02 06:03:00 -0600,00:00:00,1.0,1.0,4.0,15.0,16.0,5.0,5.0,0.0,5.0,9.0,5.0,3.0,3.0,3.0
903454596,78.0,78.0,Graded,2022-11-30 15:56:04 -0600,00:00:00,0.0,1.0,4.0,15.0,16.0,5.0,5.0,5.0,5.0,9.0,5.0,3.0,3.0,3.0
885343848,78.0,78.0,Graded,2022-12-02 15:30:18 -0600,00:00:00,0.0,1.0,4.0,15.0,16.0,5.0,5.0,5.0,5.0,9.0,5.0,3.0,3.0,3.0
145881787,78.0,78.0,Graded,2022-12-01 18:27:32 -0600,00:00:00,0.0,1.0,4.0,15.0,16.0,5.0,5.0,5.0,5.0,9.0,5.0,3.0,3.0,3.0
486223826,77.0,78.0,Graded,2022-11-28 09:44:55 -0600,00:00:00,2.0,2.0,4.0,15.0,16.0,5.0,4.0,5.0,5.0,9.0,5.0,3.0,3.0,3.0
308884206,78.0,78.0,Graded,2022-12-01 17:30:50 -0600,00:00:00,1.0,1.0,4.0,15.0,16.0,5.0,5.0,5.0,5.0,9.0,5.0,3.0,3.0,3.0
605557149,78.0,78.0,Graded,2022-12-04 11:28:44 -0600,35:29:44,1.0,2.0,4.0,15.0,16.0,5.0,5.0,5.0,5.0,9.0,5.0,3.0,3.0,3.0
888839383,77.0,78.0,Graded,2022-12-02 17:59:44 -0600,00:00:00,0.0,2.0,4.0,15.0,16.0,5.0,5.0,5.0,5.0,9.0,5.0,3.0,2.0,3.0
